INDEX,Route,From,To,Trip_no
0,Chamelaucium_One_hundred_and_eighty-six,Darkolivegreen-Rho,Darkred-Phi,43005
1,Pitt_One_hundred_and_two,Mediumslateblue-Delta,Darkcyan-Sigma,49016
2,Ginger_One_hundred_and_thirty-two,Black-Iota,Lightpink-Upsilon,37048
3,Gyp_Two_hundred_and_ninety-four,Maroon-Tau,Darkmagenta-Xi,6024
4,Buddleia_One_hundred_and_ninety-eight,Snow-Omicron,Lightsteelblue-Tau,179005
5,Monkshood_Two_hundred_and_twenty-nine,Red-Gamma,Aliceblue-Iota,459004
6,Rattlesnake_Twenty-three,Lightsteelblue-Phi,Skyblue-Pi,174005
7,Cymbidium_Four_hundred_and_sixty-two,Darkgoldenrod-Chi,Aqua-Omega,48017
8,Gyp_Two_hundred_and_ninety-four,Maroon-Tau,Thistle-Eta,6025
9,Craspedia_One_hundred_and_twelve,Sienna-Iota,Lightblue-Zeta,15030
10,Anigozanthus_Four_hundred_and_seventy-three,Darkgoldenrod-Lamda,Royalblue-Chi,435004
11,Throatwort_Three_hundred_and_thirty-four,Darkgrey-Eta,Mintcream-Beta,509004
12,Clarkia_Two_hundred_and_eighty-nine,Mediumseagreen-Omega,Pink-Rho,472004
13,Lisianthus_Four_hundred_and_ninety-nine,Oldlace-Omicron,Red-Lamda,126048
14,Sunflower_One_hundred_and_thirty-four,Mediumorchid-Omicron,Lightcoral-Pi,66014
15,Bouvardia_One_hundred_and_twenty-seven,Aquamarine-Psi,Turquoise-Mu,280015
16,Gerbera_Sixty-six,Burlywood-Epsilon,Sandybrown-Iota,20050
17,Narcissus_Three_hundred_and_twenty-five,Darkorchid-Alpha,Honeydew-Omicron,212014
18,Anemone_Two_hundred_and_nine,Pink-Gamma,Ghostwhite-Zeta,256012
19,Caspia_Three_hundred_and_seventy,Sandybrown-Xi,Beige-Alpha,185015
20,Love-lies-bleeding_Thirty-eight,Deeppink-Epsilon,Lightsalmon-Epsilon,208004
21,Melaleuca_Three_hundred_and_seventeen,Sandybrown-Eta,Snow-Chi,41013
22,Lisianthus_Four_hundred_and_ninety-nine,Lightsteelblue-Theta,Oldlace-Omicron,126054
23,Iris_Three_hundred_and_ninety-five,Cyan-Pi,Cornsilk-Omega,209016
24,Gerbera_Sixty-six,Burlywood-Epsilon,Seashell-Zeta,20048
25,Salix_Forty,Lightsalmon-Zeta,Olive-Xi,53016
26,Gardenia_Two_hundred_and_thirty-one,Purple-Nu,Darkviolet-Phi,211004
27,Nigella_Three_hundred_and_thirty-six,Palegoldenrod-Omega,Green-Zeta,269004
28,Memosa_Four_hundred_and_thirty-nine,Aquamarine-Iota,Lawngreen-Psi,366015
29,Nephrolepis_Ninety-eight,Floralwhite-Omega,Red-Pi,205017
30,Rose_Twenty-three,Goldenrod-Sigma,Mediumvioletred-Eta,297014
31,Anemone_Two_hundred_and_nine,Pink-Gamma,Linen-Nu,256013
32,Cymbidium_One_hundred_and_ninety-four,Mediumspringgreen-Rho,Wheat-Omega,95014
33,Narcissus_Three_hundred_and_seventy-nine,Plum-Omicron,Ivory-Gamma,259012
34,Nerine_Three_hundred_and_sixty-eight,Antiquewhite-Omicron,Sandybrown-Phi,348013
35,Lavender_Three_hundred_and_ninety-six,Palegoldenrod-Nu,Tomato-Pi,35004
36,Celosia_Four_hundred_and_ninety-five,Blanchedalmond-Epsilon,Darkorange-Lamda,626004
37,Pitt_One_hundred_and_seventy-four,Darkmagenta-Rho,Rebeccapurple-Psi,413004
38,Iris_One_hundred_and_twenty-seven,Palevioletred-Omicron,Aliceblue-Kappa,223015
39,Gerbera_Sixty-six,Bisque-Mu,Ghostwhite-Omicron,20047
40,Cornflower_One_hundred_and_thirty-four,Crimson-Iota,Lightcoral-Delta,340004
41,Wattle_Two_hundred_and_ninety-eight,Burlywood-Theta,Lightgray-Iota,283004
42,Rose_Twenty-three,Mediumvioletred-Eta,Goldenrod-Sigma,297012
43,Myrsine_Two_hundred,Magenta-Beta,Mediumorchid-Epsilon,362029
44,Montbretia_Two_hundred_and_five,Salmon-Eta,Darkturquoise-Beta,455014
45,Phalaenopsis_Two_hundred_and_fifty-six,Darkgreen-Epsilon,Lightslategray-Psi,484004
46,Cymbidium_One_hundred_and_twenty-two,Dimgray-Phi,Darkslateblue-Iota,137016
47,Phalaenopsis_Three_hundred_and_fifty-two,Tomato-Kappa,Mintcream-Alpha,495016
48,Ginger_One_hundred_and_thirty-two,Fuchsia-Gamma,Floralwhite-Theta,37057
49,Lavender_Twenty-seven,Gray-Lamda,Darkmagenta-Omicron,46004
50,Pittosporum_One_hundred_and_eleven,Slateblue-Omicron,Palegreen-Zeta,176004
51,Paeonia_Three_hundred_and_thirty-three,Indigo-Zeta,Midnightblue-Rho,92016
52,Lisianthus_Forty-two,Navy-Sigma,Orangered-Epsilon,109012
53,Broom_Three_hundred_and_sixty-nine,Darkseagreen-Mu,Darkgrey-Xi,106025
54,Achillea_Eighty-two,Gainsboro-Alpha,Greenyellow-Upsilon,158014
55,Asparagus_One_hundred_and_sixty-nine,Aqua-Zeta,Darkturquoise-Beta,231005
56,Cymbidium_One_hundred_and_twenty-two,Dimgray-Phi,Dimgray-Xi,137017
57,Wolfsbane_Three_hundred_and_fifty-seven,Springgreen-Omicron,Lightsalmon-Omicron,12005
58,Ornithogalum_Three_hundred_and_twelve,Teal-Zeta,Mediumseagreen-Alpha,81004
59,Saxicola_One_hundred_and_ten,Darkcyan-Sigma,Lightgray-Delta,222014
60,Anigozanthus_One_hundred_and_sixty-one,Mediumvioletred-Xi,Mediumorchid-Alpha,249015
61,Paeonia_Two_hundred_and_thirty-one,Navy-Beta,Brown-Nu,83013
62,Gerbera_Sixty-six,Bisque-Mu,Sandybrown-Iota,20046
63,Wolfsbane_Three_hundred_and_sixteen,Salmon-Iota,Mediumaquamarine-Beta,257004
64,Ginger_One_hundred_and_thirty-two,Fuchsia-Gamma,White-Psi,37059
65,Rattlesnake_Twenty-three,Skyblue-Pi,Lightsteelblue-Phi,174004
66,Candytuft_Twenty-nine,Cyan-Zeta,Darkslategray-Xi,334005
67,Cymbidium_One_hundred_and_ninety-four,Mediumspringgreen-Rho,Rosybrown-Eta,95015
68,Gyp_Two_hundred_and_eighteen,Lightpink-Delta,Rosybrown-Eta,241005
69,Limonium_One_hundred_and_twenty-three,Brown-Omega,Dimgrey-Pi,125015
70,Gladiolus_Three_hundred_and_seventeen,Gainsboro-Omega,Greenyellow-Epsilon,28004
71,Narcissus_Forty-five,Seashell-Psi,Darkseagreen-Nu,206033
72,Monkshood_Two_hundred_and_twenty-nine,Aliceblue-Iota,Red-Gamma,459005
73,Zantedeschia_Two_hundred_and_fifty-nine,Slategray-Sigma,Peru-Rho,96015
74,Pittosporum_Three_hundred_and_twenty-eight,Antiquewhite-Mu,Lightsalmon-Beta,427014
75,Candytuft_Four_hundred_and_ninety-five,Mediumpurple-Iota,Grey-Mu,58015
76,Chamelaucium_Eighty-seven,Mediumslateblue-Chi,Ivory-Omega,122015
77,Daffodil_Thirty-eight,Grey-Zeta,Slategray-Sigma,311016
78,Cosmos_Seven,Powderblue-Lamda,Oldlace-Omicron,374029
79,Adam's-needle_Three_hundred_and_nineteen,Lavenderblush-Phi,Gainsboro-Psi,300005
80,Nigella_One_hundred_and_seventy-one,Azure-Beta,Whitesmoke-Psi,5013
81,Rose_Two_hundred_and_seventy-seven,Ghostwhite-Mu,Grey-Gamma,21004
82,Lisianthus_Forty-two,Red-Alpha,Navy-Sigma,109016
83,Gyp_Two_hundred_and_ninety-four,Thistle-Eta,White-Sigma,6032
84,Broom_Three_hundred_and_thirteen,Darkseagreen-Zeta,Mediumseagreen-Alpha,268005
85,Gerbera_Sixty-six,Sandybrown-Iota,Burlywood-Epsilon,20054
86,Scabiosa_One_hundred_and_seven,Fuchsia-Lamda,Rebeccapurple-Epsilon,132013
87,Lisianthus_Two_hundred_and_thirty-six,Blanchedalmond-Rho,Burlywood-Zeta,321017
88,Solidago_Four_hundred_and_thirty-six,Powderblue-Xi,Darkorchid-Alpha,124004
89,Broom_Three_hundred_and_sixty-nine,Darkgrey-Xi,Seashell-Psi,106032
90,Myrtle_Two_hundred_and_one,Lightblue-Lamda,Springgreen-Kappa,347005
91,Lisianthus_Two_hundred_and_thirty-six,Burlywood-Zeta,Blanchedalmond-Rho,321015
92,Ornithogalum_Three_hundred_and_twelve,Mediumseagreen-Alpha,Teal-Zeta,81005
93,Ranunculus_One_hundred_and_seventy-one,Olive-Chi,Burlywood-Omicron,497012
94,Carnation_Four_hundred_and_forty,Mediumpurple-Gamma,Palevioletred-Phi,105005
95,Ginger_One_hundred_and_thirty-two,Fuchsia-Gamma,Lightpink-Upsilon,37056
96,Ranunculus_Four_hundred_and_eighty-seven,Beige-Omega,Blue-Alpha,98012
97,Ornithogalum_Two_hundred_and_eighty-four,Lightgoldenrodyellow-Kappa,Ghostwhite-Xi,298012
98,Ginger_One_hundred_and_thirty-two,Floralwhite-Theta,White-Psi,37046
99,Porium_Eighty-nine,Lightblue-Beta,Navy-Zeta,498004
100,Myrsine_Two_hundred,Wheat-Rho,Moccasin-Eta,362030
101,Phalaenopsis_Eighty-five,Cyan-Mu,Mediumslateblue-Phi,52013
102,Schinus_Eight,Wheat-Omega,Darkseagreen-Tau,361004
103,Broom_Three_hundred_and_sixty-nine,Seashell-Psi,Lightpink-Psi,106034
104,Broom_Three_hundred_and_sixty-nine,Seashell-Psi,Darkseagreen-Mu,106033
105,Paeonia_Two_hundred_and_thirty-one,Darksalmon-Beta,Brown-Nu,83015
106,Farewell-To-Spring_Four_hundred_and_eight,Cadetblue-Omega,White-Iota,385014
107,Salix_Forty,Olive-Xi,Lightsalmon-Zeta,53013
108,Chrysanthemum_Four_hundred_and_sixty-five,Midnightblue-Epsilon,Orangered-Beta,31012
109,Montbretia_Two_hundred_and_five,Silver-Lamda,Darkturquoise-Beta,455016
110,Farewell-To-Spring_Four_hundred_and_eight,Powderblue-Lamda,Cadetblue-Omega,385017
111,Zantedeschia_Two_hundred_and_fifty-nine,Maroon-Phi,Peru-Rho,96013
112,Enthusiasm_Three_hundred_and_fifteen,Rosybrown-Kappa,Lightslategray-Gamma,388004
113,Pittosporum_Thirty-nine,Lightslategray-Iota,Ghostwhite-Nu,39004
114,Dahlia_Two_hundred_and_thirty-one,Mediumseagreen-Zeta,Khaki-Alpha,379004
115,Limonium_One_hundred_and_eighty-one,Mediumslateblue-Delta,Royalblue-Tau,3033
116,Paeonia_Three_hundred_and_thirty-three,Gainsboro-Omega,Midnightblue-Rho,92014
117,Myrsine_Two_hundred,Mediumorchid-Epsilon,Moccasin-Eta,362033
118,Phalaenopsis_Fifty-four,Silver-Sigma,Darkgoldenrod-Chi,156058
119,Paeonia_Two_hundred_and_thirty-one,Brown-Nu,Navy-Beta,83016
120,Freesia_Four_hundred_and_eighty-six,Darkseagreen-Eta,White-Pi,418016
121,Ranunculus_Four_hundred_and_eighty-seven,Teal-Zeta,Blue-Alpha,98017
122,Ginger_One_hundred_and_thirty-two,Floralwhite-Theta,Fuchsia-Gamma,37047
123,Gyp_Two_hundred_and_eighteen,Rosybrown-Eta,Lightpink-Delta,241004
124,Enthusiasm_Three_hundred_and_twenty-two,Gainsboro-Xi,Darkolivegreen-Omicron,149004
125,Iris_One_hundred_and_twenty-seven,Palevioletred-Omicron,Forestgreen-Alpha,223014
126,Sunflower_One_hundred_and_thirty-four,Lightcoral-Pi,Gold-Gamma,66013
127,Limonium_One_hundred_and_eighty-one,Royalblue-Tau,Dodgerblue-Tau,3024
128,Astilbe_Twenty-two,Darkmagenta-Upsilon,Snow-Omicron,612004
129,Sunflower_One_hundred_and_thirty-four,Gold-Gamma,Mediumorchid-Omicron,66017
130,Paeonia_Four_hundred_and_eleven,Sienna-Eta,Limegreen-Iota,161005
131,Nerine_Four_hundred_and_seventy-seven,Darkcyan-Zeta,Orange-Beta,296005
132,Cosmos_Seven,Ghostwhite-Omega,Powderblue-Lamda,374031
133,Cosmos_Seven,Powderblue-Lamda,Cyan-Psi,374027
134,Sansevieria_Three_hundred_and_seventy-four,Green-Nu,Ghostwhite-Omicron,188013
135,Heath_Four_hundred_and_seventy-seven,Yellowgreen-Omega,Darkgray-Phi,474005
136,Gerbera_Sixty-six,Burlywood-Epsilon,Ghostwhite-Omicron,20051
137,Dahlia_Two_hundred_and_thirty-one,Khaki-Alpha,Mediumseagreen-Zeta,379005
138,Narcissus_Forty-five,Darkseagreen-Nu,Lightyellow-Psi,206024
139,Safflower_Two_hundred_and_fifty-six,Mediumspringgreen-Beta,Mediumaquamarine-Epsilon,142005
140,Anthurium_Three_hundred_and_thirty-three,Midnightblue-Rho,Yellowgreen-Alpha,26004
141,Phalaenopsis_Three_hundred_and_fifty-two,Mintcream-Alpha,Turquoise-Beta,495012
142,Heather_Two_hundred_and_thirty,Darkcyan-Lamda,Mediumblue-Psi,260013
143,Bouvardia_One_hundred_and_twenty-seven,Aquamarine-Psi,Deeppink-Tau,280014
144,Melaleuca_Three_hundred_and_ninety-nine,Mediumslateblue-Chi,Azure-Beta,319004
145,Melaleuca_Three_hundred_and_seventeen,Snow-Chi,Dodgerblue-Gamma,41017
146,Tracelium_Four_hundred_and_sixty-five,Royalblue-Chi,Blue-Alpha,489013
147,Daffodil_Three_hundred_and_eighty-eight,Peru-Sigma,Lightgoldenrodyellow-Pi,331005
148,Myrsine_Two_hundred,Wheat-Rho,Magenta-Beta,362031
149,Lilly-of-the-Valley_One_hundred_and_forty,Lightgoldenrodyellow-Pi,Cornsilk-Theta,121005
150,Jonquil_Three_hundred_and_seventy,Tomato-Omega,Rosybrown-Alpha,45004
151,Wattle_Four_hundred_and_seventy,Seashell-Mu,Palegoldenrod-Gamma,221029
152,Melaleuca_Three_hundred_and_seventeen,Sandybrown-Eta,Dodgerblue-Gamma,41012
153,Daffodil_Four_hundred_and_forty-seven,Powderblue-Sigma,Darkturquoise-Mu,369005
154,Myrsine_One_hundred_and_twenty-six,Lemonchiffon-Chi,Mediumorchid-Omega,145012
155,Salix_Forty,Lightsalmon-Zeta,Rosybrown-Alpha,53017
156,Ginger_One_hundred_and_thirty-two,White-Psi,Black-Iota,37054
157,Love-lies-bleeding_Four_hundred_and_sixty-four,Mediumaquamarine-Delta,Mistyrose-Eta,25004
158,Rose_Twenty-three,Mediumvioletred-Eta,Darkkhaki-Zeta,297013
159,Ginger_One_hundred_and_thirty-two,Black-Iota,White-Psi,37050
160,Mimosa_Three_hundred_and_twenty-one,Darkcyan-Omicron,Darkolivegreen-Omega,214013
161,Statice_Two_hundred_and_thirty-two,Darkorange-Lamda,Hotpink-Pi,101005
162,Farewell-To-Spring_Four_hundred_and_eight,White-Iota,Powderblue-Lamda,385013
163,Godetia_Two_hundred_and_eighty-four,Gainsboro-Gamma,Maroon-Theta,393004
164,Larkspur_One_hundred_and_sixty-five,Indigo-Phi,Forestgreen-Zeta,480004
165,Ornithogalum_One_hundred_and_sixty-five,Lightseagreen-Delta,Mistyrose-Rho,69013
166,Gyp_Two_hundred_and_ninety-four,Thistle-Eta,Darkmagenta-Xi,6031
167,Paeonia_Three_hundred_and_thirty-three,Midnightblue-Rho,Indigo-Zeta,92013
168,Ranunculus_Three_hundred_and_seventy,Mistyrose-Rho,Sienna-Upsilon,1017
169,Cosmos_Seven,Ghostwhite-Omega,Oldlace-Omicron,374032
170,Anconitum_Two_hundred_and_eleven,Gainsboro-Phi,Dimgrey-Xi,8004
171,Lily_Three_hundred_and_ninety-one,Lightsalmon-Epsilon,Peru-Zeta,99016
172,Lisianthus_Three_hundred_and_forty-four,Paleturquoise-Lamda,Deeppink-Tau,370017
173,Hydrangea_Four_hundred_and_fifty-three,Thistle-Nu,Lightblue-Mu,320016
174,Gerbera_Sixty-six,Burlywood-Epsilon,Bisque-Mu,20049
175,Tracelium_Thirty-nine,Indigo-Phi,White-Pi,395004
176,Ginger_Forty-seven,Burlywood-Omicron,Maroon-Phi,329014
177,Broom_Three_hundred_and_sixty-nine,Darkgrey-Xi,Darkseagreen-Mu,106030
178,Pittosporum_Three_hundred_and_twenty-eight,Cyan-Upsilon,Antiquewhite-Mu,427017
179,Ornithogalum_Three_hundred_and_seventy-seven,Chocolate-Omicron,Lawngreen-Delta,14005
180,Myrsine_One_hundred_and_twenty-six,Slategrey-Xi,Mediumorchid-Omega,145017
181,Lisianthus_Four_hundred_and_ninety-nine,Darksalmon-Beta,Lightsteelblue-Theta,126046
182,Candytuft_Sixty-seven,Lemonchiffon-Psi,Snow-Gamma,93005
183,Narcissus_Forty-five,Lightyellow-Psi,Darkorange-Pi,206028
184,Anigozanthus_One_hundred_and_sixty-one,White-Nu,Mediumorchid-Alpha,249013
185,Daffodil_Thirty-eight,Slategray-Sigma,Darkcyan-Iota,311012
186,Craspedia_One_hundred_and_eighty,Darkorange-Theta,Linen-Omicron,351016
187,Statice_Three_hundred_and_sixty-two,Sienna-Eta,Lightgray-Pi,438005
188,Wattle_Three_hundred_and_sixty-two,Darkblue-Pi,Greenyellow-Rho,465004
189,Daffodil_Four_hundred_and_forty-seven,Darkturquoise-Mu,Powderblue-Sigma,369004
190,Caspia_Three_hundred_and_seventy,Mediumturquoise-Epsilon,Beige-Alpha,185013
191,Snapdragon_One_hundred_and_three,Mediumblue-Tau,Powderblue-Phi,195005
192,Windflower_One_hundred_and_one,Lightcoral-Upsilon,Gold-Chi,520005
193,Gerbera_Sixty-six,Seashell-Zeta,Sandybrown-Iota,20042
194,Broom_Four_hundred_and_ninety,Green-Zeta,Deepskyblue-Beta,11004
195,Stephanotis_One_hundred_and_twenty-six,Green-Rho,Forestgreen-Upsilon,19017
196,Caspia_Three_hundred_and_fourteen,Lightgrey-Iota,Lightgray-Eta,396004
197,Boronia_Twenty-eight,Olive-Beta,Gainsboro-Alpha,189004
198,Sunflower_Three_hundred_and_eighteen,Royalblue-Epsilon,Blanchedalmond-Beta,56016
199,Lavender_Three_hundred_and_forty-nine,Goldenrod-Omicron,Orange-Omicron,4004
200,Farewell-To-Spring_Four_hundred_and_eight,White-Iota,Cadetblue-Omega,385012
201,Sansevieria_Four_hundred_and_thirty-one,Saddlebrown-Chi,Pink-Gamma,485004
202,Peony_One_hundred_and_ninety-nine,Saddlebrown-Lamda,Antiquewhite-Omicron,541005
203,Nerine_Three_hundred_and_sixty-eight,Darkviolet-Gamma,Sandybrown-Phi,348015
204,Campanula_Two_hundred_and_twelve,Rebeccapurple-Sigma,Oldlace-Phi,299017
205,Anemone_Two_hundred_and_nine,Ghostwhite-Zeta,Pink-Gamma,256014
206,Candytuft_Four_hundred_and_ninety-five,Salmon-Eta,Grey-Mu,58013
207,Freesia_Forty-one,Crimson-Alpha,Wheat-Alpha,166005
208,Acacia_Sixty-one,Darkblue-Alpha,Mediumorchid-Omega,279004
209,Wolfsbane_Three_hundred_and_eleven,Thistle-Beta,Fuchsia-Lamda,437014
210,Wolfsbane_Two_hundred_and_thirty-four,Silver-Sigma,Greenyellow-Theta,153013
211,Rose_Two_hundred_and_seventy-seven,Grey-Gamma,Ghostwhite-Mu,21005
212,Zinna_Four_hundred_and_ninety-four,Hotpink-Zeta,Lightgreen-Rho,91005
213,Phalaenopsis_Three_hundred_and_twenty,Mediumorchid-Zeta,Gainsboro-Alpha,218005
214,Heather_Sixty-four,Crimson-Iota,Darkviolet-Tau,391004
215,Chamelaucium_Eighty-seven,Ivory-Omega,Orchid-Pi,122016
216,Gerbera_Sixty-six,Ghostwhite-Omicron,Seashell-Zeta,20056
217,Limonium_One_hundred_and_eighty-one,Royalblue-Tau,Mediumslateblue-Delta,3026
218,Rose_Twenty-three,Darkkhaki-Zeta,Goldenrod-Sigma,297017
219,Anthurium_Three_hundred_and_eighteen,Navy-Rho,Mediumvioletred-Upsilon,33005
220,Narcissus_Three_hundred_and_twenty-five,Honeydew-Omicron,Mediumblue-Upsilon,212013
221,Craspedia_One_hundred_and_twelve,Lightblue-Zeta,Lavenderblush-Pi,15026
222,Banksia_Four_hundred_and_eighty-seven,Chartreuse-Delta,Fuchsia-Nu,141004
223,Love-lies-bleeding_One_hundred_and_ninety-three,Mistyrose-Rho,Dodgerblue-Sigma,382004
224,Nerine_Three_hundred_and_sixty-eight,Antiquewhite-Omicron,Darkviolet-Gamma,348012
225,Zinna_One_hundred_and_eight,Lightcyan-Psi,Pink-Delta,17004
226,Bellflower_Two_hundred_and_eighty-four,Teal-Beta,Honeydew-Pi,171015
227,Zinna_One_hundred_and_ninety-five,Slategrey-Upsilon,Blueviolet-Pi,461005
228,Heather_Four_hundred_and_two,Honeydew-Delta,Gold-Upsilon,476004
229,Daffodil_Two_hundred_and_fifty-nine,Whitesmoke-Pi,Lightsalmon-Iota,403015
230,Montbretia_Four_hundred_and_thirty-three,Saddlebrown-Beta,Dodgerblue-Sigma,68005
231,Nigella_Four_hundred_and_seventy-eight,Darkblue-Kappa,Darkturquoise-Theta,248004
232,Campanula_Two_hundred_and_twelve,Oldlace-Phi,Saddlebrown-Pi,299014
233,Gardenia_One_hundred_and_nineteen,Dimgrey-Psi,Seagreen-Upsilon,315004
234,Carnation_Sixty-seven,Lightcoral-Pi,Seashell-Nu,24004
235,Phalaenopsis_Fifty-four,Darkgoldenrod-Chi,Silver-Sigma,156051
236,Gyp_Two_hundred_and_ninety-four,Maroon-Tau,White-Sigma,6026
237,Craspedia_One_hundred_and_eighty,Linen-Omicron,Darkorange-Theta,351013
238,Lavender_Three_hundred_and_eighty-six,Dimgray-Tau,Forestgreen-Sigma,310005
239,Stock_One_hundred_and_twelve,Blanchedalmond-Epsilon,Darkolivegreen-Xi,67017
240,Ornithogalum_Fifty-five,Salmon-Eta,Tomato-Kappa,377005
241,Wattle_Four_hundred_and_seventy,Orange-Theta,Seashell-Mu,221031
242,Ginger_One_hundred_and_thirty-two,Lightpink-Upsilon,Black-Iota,37041
243,Lavender_Three_hundred_and_ninety-six,Tomato-Pi,Palegoldenrod-Nu,35005
244,Throatwort_Eight,Mediumorchid-Omega,Lightblue-Xi,18004
245,Wattle_Four_hundred_and_forty,Seashell-Zeta,Bisque-Sigma,140005
246,Bellflower_Two_hundred_and_eighty-four,Teal-Beta,Gold-Gamma,171014
247,Paeonia_Two_hundred_and_thirty-one,Brown-Nu,Darksalmon-Beta,83017
248,Lavender_Three_hundred_and_fifty-eight,Gainsboro-Mu,Hotpink-Theta,168005
249,Waxflower_Two_hundred_and_twenty-five,Mediumvioletred-Upsilon,Springgreen-Kappa,408015
250,Pittosporum_Three_hundred_and_twenty-eight,Lightsalmon-Beta,Antiquewhite-Mu,427012
251,Cosmos_Three_hundred_and_seventy-five,Powderblue-Kappa,Wheat-Pi,40004
252,Nerine_Three_hundred_and_sixty-eight,Darkviolet-Gamma,Antiquewhite-Omicron,348014
253,Speedwell_Twelve,Mediumaquamarine-Upsilon,Darksalmon-Zeta,90004
254,Heather_Three_hundred_and_eighty-four,Sandybrown-Tau,Darkslategray-Upsilon,65012
255,Wattle_Fifty-six,Indigo-Alpha,Silver-Lamda,456004
256,Waxflower_Two_hundred_and_eighty-six,Royalblue-Gamma,Darkcyan-Sigma,387004
257,Stenamezon_Two_hundred_and_forty,Orange-Upsilon,Palevioletred-Phi,159004
258,Narcissus_Forty-five,Lightyellow-Psi,Seashell-Psi,206029
259,Nigella_One_hundred_and_seventy-one,Azure-Beta,Darkviolet-Iota,5012
260,Tulipa_Two_hundred_and_forty-three,Black-Iota,Purple-Zeta,265005
261,Gyp_Two_hundred_and_ninety-eight,Purple-Chi,Powderblue-Gamma,180005
262,Zantedeschia_Two_hundred_and_fifty-nine,Peru-Rho,Slategray-Sigma,96017
263,Lisianthus_One_hundred_and_ten,Mediumvioletred-Upsilon,Yellowgreen-Omicron,301005
264,Chrysanthemum_Three_hundred,Blue-Alpha,Lightgoldenrodyellow-Zeta,333017
265,Anthurium_Three_hundred_and_thirty-three,Yellowgreen-Alpha,Midnightblue-Rho,26005
266,Limonium_One_hundred_and_eighty-one,Mediumslateblue-Delta,Mediumorchid-Alpha,3035
267,Jonquil_Fifty,Gold-Delta,Palegoldenrod-Eta,375012
268,Ginger_One_hundred_and_thirty-two,Floralwhite-Theta,Lightpink-Upsilon,37044
269,Bupleurum_Two_hundred_and_sixty-six,Forestgreen-Alpha,Darkturquoise-Theta,135005
270,Drumstick_Four_hundred_and_eighty-five,Mediumspringgreen-Iota,Cornflowerblue-Lamda,398004
271,Nigella_Four_hundred_and_seventy-eight,Darkturquoise-Theta,Darkblue-Kappa,248005
272,Schinus_Three_hundred_and_three,Darksalmon-Nu,Darkblue-Mu,587004
273,Amaryllis_Two_hundred_and_seventeen,Bisque-Sigma,Darkmagenta-Eta,372005
274,Freesia_Forty-one,Wheat-Alpha,Crimson-Alpha,166004
275,Anconitum_Two_hundred_and_eleven,Dimgrey-Xi,Gainsboro-Phi,8005
276,Heather_Three_hundred_and_eighty-four,Ivory-Xi,Sandybrown-Tau,65016
277,Bellflower_Two_hundred_and_eighty-four,Gold-Gamma,Honeydew-Pi,171013
278,Bellflower_One_hundred_and_sixty-two,Mediumorchid-Gamma,Green-Mu,89016
279,Lisianthus_One_hundred_and_ten,Yellowgreen-Omicron,Mediumvioletred-Upsilon,301004
280,Bupleurum_Two_hundred_and_sixty-six,Darkturquoise-Theta,Forestgreen-Alpha,135004
281,Zantedeschia_Two_hundred_and_fifty-nine,Peru-Rho,Maroon-Phi,96016
282,Phalaenopsis_Eighty-five,Cyan-Mu,Grey-Omega,52012
283,Phlox_Two_hundred_and_fifty-two,Palevioletred-Phi,Lightgray-Iota,528005
284,Phlox_Fifty-four,Turquoise-Epsilon,Dimgray-Alpha,114004
285,Broom_Three_hundred_and_sixty-nine,Darkgrey-Xi,Lightpink-Psi,106031
286,Paeonia_Two_hundred_and_thirty-one,Navy-Beta,Darksalmon-Beta,83012
287,Philodendron_Two_hundred_and_thirty-three,Greenyellow-Nu,Crimson-Psi,0004
288,Wattle_Three_hundred_and_ninety-two,Lightgrey-Gamma,Khaki-Chi,219026
289,Lavandula_Three_hundred_and_fifty-four,Thistle-Epsilon,Palevioletred-Iota,213004
290,Myrsine_One_hundred_and_twenty-six,Lemonchiffon-Chi,Slategrey-Xi,145013
291,Statice_Three_hundred_and_sixty-two,Lightgray-Pi,Sienna-Eta,438004
292,Scabiosa_One_hundred_and_seven,Fuchsia-Lamda,Lightskyblue-Omega,132012
293,Myrsine_Two_hundred,Mediumorchid-Epsilon,Magenta-Beta,362034
294,Gyp_Two_hundred_and_ninety-four,Darkmagenta-Xi,White-Sigma,6029
295,Cosmos_Seven,Powderblue-Lamda,Ghostwhite-Omega,374028
296,Gerbera_Sixty-six,Sandybrown-Iota,Seashell-Zeta,20052
297,Heath_One_hundred_and_seventy-five,Gold-Nu,Blue-Zeta,380004
298,Broom_Three_hundred_and_sixty-nine,Lightpink-Psi,Seashell-Psi,106029
299,Jonquil_Fifty,Lightgrey-Lamda,Palegoldenrod-Eta,375017
300,Asparagus_Four_hundred,Darkgoldenrod-Gamma,Khaki-Epsilon,190005
301,Chrysanthemum_Three_hundred,Darkturquoise-Theta,Blue-Alpha,333013
302,Wattle_Three_hundred_and_ninety-two,Aquamarine-Delta,Khaki-Chi,219029
303,Lilly-of-the-Valley_Sixty-four,Rosybrown-Sigma,Antiquewhite-Alpha,118004
304,Iris_One_hundred_and_forty-nine,Goldenrod-Lamda,Powderblue-Lamda,363013
305,Achillea_Four_hundred_and_sixty-seven,Salmon-Tau,Lightblue-Zeta,281004
306,Daffodil_Thirty-eight,Darkcyan-Iota,Grey-Zeta,311015
307,Ginger_One_hundred_and_thirty-two,White-Psi,Floralwhite-Theta,37053
308,Wattle_Four_hundred_and_seventy,Orange-Theta,Palegoldenrod-Gamma,221032
309,Godetia_Two_hundred_and_eighty-four,Maroon-Theta,Gainsboro-Gamma,393005
310,Banksia_Two_hundred_and_eighty-eight,Powderblue-Kappa,Tan-Alpha,400005
311,Daffodil_Two_hundred_and_fifty-nine,Lightsalmon-Iota,Whitesmoke-Pi,403017
312,Candytuft_Four_hundred_and_ninety-five,Mediumpurple-Iota,Salmon-Eta,58014
313,Stock_Four_hundred_and_eighty-eight,Lightsteelblue-Omega,Mediumturquoise-Rho,173005
314,Myrtle_Forty,Brown-Nu,Snow-Omicron,70004
315,Chrysanthemum_Four_hundred_and_sixty-five,Orangered-Beta,Teal-Beta,31015
316,Ornithogalum_One_hundred_and_sixty-five,Mistyrose-Rho,Lightseagreen-Delta,69016
317,Pitt_One_hundred_and_two,Darkcyan-Sigma,Mediumslateblue-Delta,49013
318,Wattle_Fifty-six,Silver-Lamda,Indigo-Alpha,456005
319,Iris_One_hundred_and_twenty-seven,Forestgreen-Alpha,Aliceblue-Kappa,223013
320,Pittosporum_Three_hundred_and_twenty-eight,Antiquewhite-Mu,Cyan-Upsilon,427015
321,Iris_One_hundred_and_twenty-seven,Aliceblue-Kappa,Forestgreen-Alpha,223016
322,Cornflower_Ninety-one,Saddlebrown-Gamma,Dimgray-Alpha,73004
323,Ginger_Forty-seven,Maroon-Phi,Lemonchiffon-Chi,329013
324,Ginger_Forty-seven,Lemonchiffon-Chi,Burlywood-Omicron,329017
325,Lavender_One_hundred_and_fifty-nine,Honeydew-Pi,Magenta-Theta,170005
326,Gyp_Two_hundred_and_ninety-four,Thistle-Eta,Maroon-Tau,6030
327,Freesia_Four_hundred_and_eighty-six,White-Pi,Gainsboro-Nu,418012
328,Anigozanthus_Three_hundred_and_nine,Mistyrose-Eta,Maroon-Lamda,172005
329,Heather_Three_hundred_and_eighty-four,Darkslategray-Upsilon,Ivory-Xi,65015
330,Narcissus_Four_hundred_and_eighteen,Lightgray-Iota,Snow-Chi,429005
331,Ornithogalum_One_hundred_and_sixty-five,Mistyrose-Rho,Tan-Chi,69017
332,Bellflower_Two_hundred_and_eighty-four,Honeydew-Pi,Gold-Gamma,171016
333,Waxflower_Two_hundred_and_twenty-five,Mediumvioletred-Upsilon,Springgreen-Lamda,408014
334,Phalaenopsis_Three_hundred_and_fifty-two,Turquoise-Beta,Tomato-Kappa,495015
335,Asparagus_One_hundred_and_sixty-nine,Darkturquoise-Beta,Aqua-Zeta,231004
336,Tailflowers_Ninety-six,Steelblue-Kappa,Lightslategray-Psi,55014
337,Ornithogalum_Two_hundred_and_eighty-four,Ghostwhite-Xi,Lightgoldenrodyellow-Kappa,298014
338,Ornithogalum_Three_hundred_and_seventy-seven,Lawngreen-Delta,Chocolate-Omicron,14004
339,Lisianthus_Three_hundred_and_forty-four,Paleturquoise-Lamda,Gainsboro-Nu,370016
340,Phalaenopsis_Fifty-four,Orange-Psi,Magenta-Pi,156052
341,Phalaenopsis_Fifty-four,Darkgoldenrod-Chi,Orange-Psi,156050
342,Narcissus_Forty-five,Darkorange-Pi,Darkseagreen-Nu,206030
343,Campanula_Two_hundred_and_twelve,Oldlace-Phi,Rebeccapurple-Sigma,299015
344,Stephanotis_Ninety-seven,Lightgray-Delta,Springgreen-Kappa,449004
345,Phalaenopsis_Fifty-four,Moccasin-Kappa,Orange-Psi,156046
346,Campanula_Sixty-one,Midnightblue-Upsilon,Red-Lamda,394005
347,Myrtus_One_hundred_and_fifty-four,Lavenderblush-Nu,Turquoise-Mu,112005
348,Stock_One_hundred_and_twelve,Blanchedalmond-Epsilon,Blanchedalmond-Beta,67016
349,Cosmos_Seven,Cyan-Psi,Powderblue-Lamda,374024
350,Candytuft_Four_hundred_and_ninety-five,Grey-Mu,Mediumpurple-Iota,58017
351,Cymbidium_One_hundred_and_ninety-two,Mediumturquoise-Rho,Ivory-Gamma,376004
352,Freesia_Four_hundred_and_eighty-six,Gainsboro-Nu,Darkseagreen-Eta,418015
353,Broom_Four_hundred_and_thirty-five,Tan-Gamma,Aquamarine-Delta,586005
354,Gardenia_Four_hundred_and_sixty-one,Royalblue-Gamma,Steelblue-Kappa,233013
355,Tulip_Three_hundred_and_fifty-two,Blanchedalmond-Omega,Deeppink-Kappa,295005
356,Narcissus_Forty-five,Darkorange-Pi,Lightyellow-Psi,206031
357,Salix_Forty,Olive-Xi,Rosybrown-Alpha,53012
358,Phalaenopsis_Eighty-five,Mediumslateblue-Phi,Grey-Omega,52017
359,Wattle_Four_hundred_and_forty,Bisque-Sigma,Seashell-Zeta,140004
360,Wattle_Three_hundred_and_ninety-two,Powderblue-Kappa,Khaki-Chi,219032
361,Candytuft_Sixty-seven,Snow-Gamma,Lemonchiffon-Psi,93004
362,Caspia_Three_hundred_and_seventy,Sandybrown-Xi,Mediumturquoise-Epsilon,185014
363,Caspia_Three_hundred_and_seventy,Mediumturquoise-Epsilon,Sandybrown-Xi,185012
364,Memosa_Four_hundred_and_thirty-nine,Lawngreen-Psi,Aquamarine-Iota,366017
365,Bouvardia_One_hundred_and_twenty-seven,Deeppink-Tau,Aquamarine-Psi,280012
366,Gardenia_Two_hundred_and_thirty-one,Darkviolet-Phi,Purple-Nu,211005
367,Phalaenopsis_Fifty-four,Magenta-Pi,Darkgoldenrod-Chi,156041
368,Limonium_One_hundred_and_twenty-three,Navy-Lamda,Dimgrey-Pi,125013
369,Craspedia_One_hundred_and_twelve,Lightblue-Zeta,Aquamarine-Iota,15024
370,Cymbidium_One_hundred_and_ninety-four,Wheat-Omega,Rosybrown-Eta,95013
371,Gardenia_Four_hundred_and_sixty-one,Green-Tau,Steelblue-Kappa,233015
372,Daffodil_Three_hundred_and_eighty-eight,Lightgoldenrodyellow-Pi,Peru-Sigma,331004
373,Iris_One_hundred_and_forty-nine,Goldenrod-Lamda,Slategrey-Tau,363012
374,Iris_One_hundred_and_ninety-two,Papayawhip-Kappa,Lawngreen-Upsilon,402004
375,Convallaria_One_hundred_and_sixty-one,Darkorange-Pi,Darkturquoise-Tau,245004
376,Candytuft_Four_hundred_and_ninety-five,Grey-Mu,Salmon-Eta,58016
377,Rose_Two_hundred_and_fifty-eight,Orangered-Sigma,Lightblue-Zeta,378004
378,Nigella_One_hundred_and_seventy-one,Darkviolet-Iota,Azure-Beta,5014
379,Tailflowers_Two_hundred_and_forty-three,Burlywood-Beta,Black-Iota,236004
380,Enthusiasm_Forty-two,Magenta-Pi,Aliceblue-Delta,399004
381,Ginger_One_hundred_and_thirty-two,Black-Iota,Floralwhite-Theta,37049
382,Craspedia_One_hundred_and_eighty,Navajowhite-Rho,Darkorange-Theta,351015
383,Chrysanthemum_Four_hundred_and_sixty-five,Orangered-Beta,Midnightblue-Epsilon,31014
384,Craspedia_One_hundred_and_twelve,Lavenderblush-Pi,Lightblue-Zeta,15033
385,Paeonia_Four_hundred_and_eleven,Limegreen-Iota,Sienna-Eta,161004
386,Freesia_Four_hundred_and_eighty-six,White-Pi,Darkseagreen-Eta,418013
387,Mimosa_Three_hundred_and_twenty-one,Darkcyan-Omicron,Honeydew-Beta,214012
388,Cymbidium_One_hundred_and_ninety-two,Ivory-Gamma,Mediumturquoise-Rho,376005
389,Pitt_One_hundred_and_two,Wheat-Beta,Darkcyan-Sigma,49014
390,Solidago_Three_hundred_and_thirty,Linen-Nu,Bisque-Upsilon,594004
391,Tailflowers_Seventy-one,Royalblue-Delta,Darkgrey-Alpha,207005
392,Broom_Three_hundred_and_sixty-nine,Seashell-Psi,Darkgrey-Xi,106035
393,Cosmos_Seven,Cyan-Psi,Ghostwhite-Omega,374025
394,Knapweed_Two_hundred_and_ninety-seven,Mediumvioletred-Upsilon,Azure-Beta,177005
395,Tulipa_Two_hundred_and_forty-three,Purple-Zeta,Black-Iota,265004
396,Gerbera_Sixty-six,Bisque-Mu,Burlywood-Epsilon,20045
397,Daffodil_Thirty-eight,Slategray-Sigma,Grey-Zeta,311013
398,Heather_Two_hundred_and_thirty,Mediumblue-Psi,Darkolivegreen-Rho,260017
399,Gerbera_Three_hundred_and_thirty-five,Darkgoldenrod-Theta,Yellowgreen-Xi,421004
400,Love-lies-bleeding_Thirty-eight,Lightsalmon-Epsilon,Deeppink-Epsilon,208005
401,Gerbera_Sixty-six,Ghostwhite-Omicron,Burlywood-Epsilon,20058
402,Heath_One_hundred_and_seventy-five,Blue-Zeta,Gold-Nu,380005
403,Zinna_Four_hundred_and_ninety-four,Lightgreen-Rho,Hotpink-Zeta,91004
404,Craspedia_One_hundred_and_twelve,Aquamarine-Iota,Sienna-Iota,15028
405,Phalaenopsis_Eighty-five,Grey-Omega,Cyan-Mu,52014
406,Lisianthus_Three_hundred_and_forty-four,Gainsboro-Nu,Paleturquoise-Lamda,370013
407,Love-lies-bleeding_Three_hundred_and_thirty-two,Orangered-Chi,Lavenderblush-Phi,454012
408,Dendrobium_Eighty-three,Darkslategray-Upsilon,Green-Mu,522004
409,Sunflower_Three_hundred_and_eighteen,Tan-Gamma,Blanchedalmond-Beta,56014
410,Tracelium_Thirty-six,Linen-Mu,White-Upsilon,330004
411,Caspia_Three_hundred_and_seventy,Beige-Alpha,Sandybrown-Xi,185017
412,Bouvardia_One_hundred_and_twenty-seven,Turquoise-Mu,Aquamarine-Psi,280017
413,Boronia_Twenty-eight,Gainsboro-Alpha,Olive-Beta,189005
414,Myrsine_Two_hundred,Magenta-Beta,Moccasin-Eta,362027
415,Philodendron_Two_hundred_and_eighty-six,Gold-Theta,Plum-Kappa,27004
416,Chrysanthemum_Four_hundred_and_sixty-five,Midnightblue-Epsilon,Teal-Beta,31013
417,Scabiosa_One_hundred_and_seven,Lightskyblue-Omega,Rebeccapurple-Epsilon,132015
418,Ranunculus_Three_hundred_and_seventy,Lightsteelblue-Mu,Sienna-Upsilon,1012
419,Cosmos_Seven,Oldlace-Omicron,Powderblue-Lamda,374034
420,Hydrangea_Four_hundred_and_fifty-three,Slateblue-Psi,Lightblue-Mu,320014
421,Lavender_One_hundred_and_fifty-nine,Magenta-Theta,Honeydew-Pi,170004
422,Lisianthus_Four_hundred_and_ninety-nine,Darksalmon-Beta,Crimson-Zeta,126047
423,Nerine_Two,Cornflowerblue-Theta,Yellow-Rho,291005
424,Wattle_Three_hundred_and_ninety-two,Lightgrey-Gamma,Powderblue-Kappa,219025
425,Montbretia_Two_hundred_and_sixty-eight,Silver-Zeta,Indianred-Mu,384005
426,Dahlia_Two_hundred_and_eight,Green-Rho,Darkgray-Alpha,136004
427,Cymbidium_One_hundred_and_ninety-four,Rosybrown-Eta,Mediumspringgreen-Rho,95017
428,Daffodil_Two_hundred_and_fifty-nine,Ghostwhite-Omega,Lightsalmon-Iota,403013
429,Rose_Twenty-three,Darkkhaki-Zeta,Mediumvioletred-Eta,297016
430,Nerine_Two,Yellow-Rho,Cornflowerblue-Theta,291004
431,Amaryllis_Two_hundred_and_seventeen,Darkmagenta-Eta,Bisque-Sigma,372004
432,Gerbera_Sixty-six,Ghostwhite-Omicron,Sandybrown-Iota,20059
433,Stock_Four_hundred_and_eighty-eight,Mediumturquoise-Rho,Lightsteelblue-Omega,173004
434,Bellflower_One_hundred_and_sixty-two,Green-Mu,Mediumorchid-Gamma,89013
435,Limonium_One_hundred_and_twenty-three,Navy-Lamda,Brown-Omega,125012
436,Limonium_Three_hundred_and_twenty-two,Orchid-Pi,Goldenrod-Iota,247004
437,Gyp_Two_hundred_and_ninety-four,Darkmagenta-Xi,Maroon-Tau,6027
438,Wattle_Three_hundred_and_sixty-two,Greenyellow-Rho,Darkblue-Pi,465005
439,Cymbidium_One_hundred_and_twenty-two,Dimgray-Xi,Darkslateblue-Iota,137014
440,Freesia_Four_hundred_and_eighty-six,Gainsboro-Nu,White-Pi,418014
441,Larkspur_Three_hundred_and_six,Darksalmon-Nu,Navajowhite-Zeta,32004
442,Narcissus_Three_hundred_and_twenty-five,Honeydew-Omicron,Darkorchid-Alpha,212012
443,Farewell-To-Spring_Four_hundred_and_eight,Cadetblue-Omega,Powderblue-Lamda,385015
444,Cymbidium_Four_hundred_and_sixty-two,Mediumvioletred-Eta,Aqua-Omega,48012
445,Pitt_Four_hundred_and_fifty-six,Mediumblue-Omicron,Darkkhaki-Phi,201004
446,Lisianthus_Four_hundred_and_ninety-nine,Crimson-Zeta,Oldlace-Omicron,126058
447,Convallaria_One_hundred_and_sixty-one,Darkturquoise-Tau,Darkorange-Pi,245005
448,Pitt_Four_hundred_and_fifty-six,Darkkhaki-Phi,Mediumblue-Omicron,201005
449,Zinna_One_hundred_and_eight,Pink-Delta,Lightcyan-Psi,17005
450,Scabiosa_Two_hundred_and_forty-one,Firebrick-Psi,Crimson-Chi,181004
451,Love-lies-bleeding_Three_hundred_and_thirty-two,Aquamarine-Eta,Orangered-Chi,454016
452,Gerbera_Sixty-six,Seashell-Zeta,Bisque-Mu,20040
453,Porium_Eighty-nine,Navy-Zeta,Lightblue-Beta,498005
454,Broom_Three_hundred_and_thirteen,Mediumseagreen-Alpha,Darkseagreen-Zeta,268004
455,Lisianthus_Four_hundred_and_ninety-nine,Red-Lamda,Oldlace-Omicron,126041
456,Sansevieria_Three_hundred_and_seventy-four,Ghostwhite-Omicron,Deepskyblue-Sigma,188017
457,Freesia_Four_hundred_and_eighty-six,Darkseagreen-Eta,Gainsboro-Nu,418017
458,Ornithogalum_Two_hundred_and_eighty-four,Lightyellow-Omega,Ghostwhite-Xi,298017
459,Alpina_Four_hundred_and_twenty-three,Mediumslateblue-Delta,Sandybrown-Omega,511004
460,Love-lies-bleeding_Three_hundred_and_thirty-two,Aquamarine-Eta,Lavenderblush-Phi,454017
461,Larkspur_Three_hundred_and_six,Navajowhite-Zeta,Darksalmon-Nu,32005
462,Waxflower_Two_hundred_and_twenty-five,Springgreen-Lamda,Mediumvioletred-Upsilon,408012
463,Phalaenopsis_Fifty-four,Darkgoldenrod-Chi,Moccasin-Kappa,156049
464,Cymbidium_Four_hundred_and_sixty-two,Aqua-Omega,Darkgoldenrod-Chi,48015
465,Cosmos_Three_hundred_and_sixty-one,Coral-Chi,Darksalmon-Zeta,538015
466,Dendrobium_Eighty-three,Green-Mu,Darkslategray-Upsilon,522005
467,Rose_Two_hundred_and_fifty-eight,Lightblue-Zeta,Orangered-Sigma,378005
468,Cosmos_Three_hundred_and_sixty-one,Darksalmon-Zeta,Coral-Chi,538017
469,Wolfsbane_Two_hundred_and_thirty-four,Mediumaquamarine-Beta,Greenyellow-Theta,153015
470,Lavandula_Three_hundred_and_fifty-four,Palevioletred-Iota,Thistle-Epsilon,213005
471,Phalaenopsis_Fifty-four,Moccasin-Kappa,Magenta-Pi,156044
472,Love-lies-bleeding_Three_hundred_and_thirty-two,Lavenderblush-Phi,Aquamarine-Eta,454015
473,Cymbidium_One_hundred_and_ninety-four,Rosybrown-Eta,Wheat-Omega,95016
474,Stephanotis_One_hundred_and_twenty-six,Forestgreen-Upsilon,Green-Rho,19015
475,Nephrolepis_Ninety-eight,Red-Pi,Tomato-Beta,205014
476,Jonquil_Fifty,Palegoldenrod-Eta,Lightgrey-Lamda,375015
477,Heather_Four_hundred_and_two,Gold-Upsilon,Honeydew-Delta,476005
478,Lisianthus_Three_hundred_and_forty-four,Deeppink-Tau,Paleturquoise-Lamda,370015
479,Myrsine_Two_hundred,Moccasin-Eta,Mediumorchid-Epsilon,362026
480,Lisianthus_Four_hundred_and_ninety-nine,Red-Lamda,Crimson-Zeta,126043
481,Ginger_One_hundred_and_thirty-two,Lightpink-Upsilon,Fuchsia-Gamma,37043
482,Ranunculus_Two_hundred_and_fifteen,Thistle-Omega,Springgreen-Xi,440005
483,Ranunculus_One_hundred_and_seventy-one,Burlywood-Omicron,Olive-Chi,497014
484,Chamelaucium_Eighty-seven,Ivory-Omega,Mediumslateblue-Chi,122017
485,Gyp_Two_hundred_and_ninety-four,Darkmagenta-Xi,Thistle-Eta,6028
486,Melaleuca_Three_hundred_and_seventeen,Snow-Chi,Sandybrown-Eta,41016
487,Tracelium_Four_hundred_and_sixty-five,Paleturquoise-Eta,Blue-Alpha,489015
488,Tailflowers_Two_hundred_and_forty-three,Black-Iota,Burlywood-Beta,236005
489,Tailflowers_Ninety-six,Gainsboro-Gamma,Lightslategray-Psi,55016
490,Candytuft_Four_hundred_and_ninety-five,Salmon-Eta,Mediumpurple-Iota,58012
491,Enthusiasm_Three_hundred_and_seventeen,Lightgoldenrodyellow-Pi,Olive-Xi,392005
492,Peony_One_hundred_and_ninety-nine,Antiquewhite-Omicron,Saddlebrown-Lamda,541004
493,Jonquil_Three_hundred_and_fifty-nine,Gainsboro-Gamma,Slategray-Kappa,353005
494,Phalaenopsis_Fifty-four,Magenta-Pi,Moccasin-Kappa,156040
495,Stephanotis_Ninety-seven,Springgreen-Kappa,Lightgray-Delta,449005
496,Limonium_One_hundred_and_eighty-one,Mediumslateblue-Delta,Dodgerblue-Tau,3034
497,Ornithogalum_One_hundred_and_sixty-five,Tan-Chi,Mistyrose-Rho,69015
498,Sunflower_One_hundred_and_thirty-four,Lightcoral-Pi,Mediumorchid-Omicron,66012
499,Pitt_One_hundred_and_two,Mediumslateblue-Delta,Wheat-Beta,49017
500,Celosia_Four_hundred_and_ninety-five,Darkorange-Lamda,Blanchedalmond-Epsilon,626005
501,Narcissus_Three_hundred_and_twenty-five,Mediumblue-Upsilon,Darkorchid-Alpha,212017
502,Broom_Three_hundred_and_sixty-nine,Lightpink-Psi,Darkseagreen-Mu,106027
503,Lisianthus_Four_hundred_and_ninety-nine,Crimson-Zeta,Darksalmon-Beta,126057
504,Narcissus_Three_hundred_and_seventy-nine,Plum-Omicron,Antiquewhite-Epsilon,259013
505,Sansevieria_Three_hundred_and_seventy-four,Ghostwhite-Omicron,Green-Nu,188016
506,Jonquil_Fifty,Palegoldenrod-Eta,Gold-Delta,375014
507,Chrysanthemum_Four_hundred_and_sixty-five,Teal-Beta,Midnightblue-Epsilon,31016
508,Chamelaucium_Eighty-seven,Orchid-Pi,Mediumslateblue-Chi,122012
509,Ranunculus_Four_hundred_and_eighty-seven,Blue-Alpha,Beige-Omega,98014
510,Lisianthus_Four_hundred_and_ninety-nine,Oldlace-Omicron,Lightsteelblue-Theta,126050
511,Hydrangea_Four_hundred_and_fifty-three,Lightblue-Mu,Thistle-Nu,320013
512,Limonium_One_hundred_and_eighty-one,Mediumorchid-Alpha,Royalblue-Tau,3030
513,Love-lies-bleeding_Three_hundred_and_thirty-two,Lavenderblush-Phi,Orangered-Chi,454014
514,Saxicola_One_hundred_and_ten,Azure-Pi,Lightgray-Delta,222016
515,Pitt_One_hundred_and_seventy-four,Rebeccapurple-Psi,Darkmagenta-Rho,413005
516,Achillea_Four_hundred_and_sixty-seven,Lightblue-Zeta,Salmon-Tau,281005
517,Chamelaucium_Eighty-seven,Orchid-Pi,Ivory-Omega,122013
518,Godetia_Two_hundred_and_eighty-six,Maroon-Tau,Cadetblue-Sigma,54004
519,Gardenia_Four_hundred_and_sixty-one,Steelblue-Kappa,Royalblue-Gamma,233016
520,Cosmos_Three_hundred_and_seventy-five,Wheat-Pi,Powderblue-Kappa,40005
521,Asparagus_Three_hundred_and_ninety-one,Floralwhite-Eta,Lightsteelblue-Lamda,349004
522,Achillea_Seventy-one,Darkgrey-Xi,Cadetblue-Xi,243004
523,Melaleuca_Three_hundred_and_seventeen,Dodgerblue-Gamma,Snow-Chi,41015
524,Love-lies-bleeding_Four_hundred_and_sixty-four,Mistyrose-Eta,Mediumaquamarine-Delta,25005
525,Pitt_One_hundred_and_two,Darkcyan-Sigma,Wheat-Beta,49012
526,Stock_One_hundred_and_twelve,Blanchedalmond-Beta,Darkolivegreen-Xi,67012
527,Gladiolus_Three_hundred_and_seventeen,Greenyellow-Epsilon,Gainsboro-Omega,28005
528,Phalaenopsis_Fifty-four,Silver-Sigma,Moccasin-Kappa,156057
529,Alpina_Four_hundred_and_twenty-three,Sandybrown-Omega,Mediumslateblue-Delta,511005
530,Memosa_Four_hundred_and_thirty-nine,Aquamarine-Iota,Cornsilk-Pi,366014
531,Narcissus_Forty-five,Lightyellow-Psi,Darkseagreen-Nu,206027
532,Strawflower_Two_hundred_and_forty-five,Mediumvioletred-Epsilon,Darkseagreen-Mu,234005
533,Phalaenopsis_Fifty-four,Silver-Sigma,Magenta-Pi,156056
534,Ornithogalum_Two_hundred_and_eighty-four,Ghostwhite-Xi,Lightyellow-Omega,298015
535,Cosmos_Seven,Ghostwhite-Omega,Cyan-Psi,374030
536,Limonium_One_hundred_and_eighty-one,Royalblue-Tau,Mediumorchid-Alpha,3025
537,Cornflower_Ninety-one,Dimgray-Alpha,Saddlebrown-Gamma,73005
538,Melaleuca_Three_hundred_and_ninety-nine,Azure-Beta,Mediumslateblue-Chi,319005
539,Nigella_One_hundred_and_seventy-one,Whitesmoke-Psi,Azure-Beta,5016
540,Clarkia_Two_hundred_and_eighty-nine,Pink-Rho,Mediumseagreen-Omega,472005
541,Limonium_One_hundred_and_eighty-one,Dodgerblue-Tau,Mediumslateblue-Delta,3029
542,Carnation_Forty-seven,Darkolivegreen-Sigma,Seagreen-Tau,568004
543,Stenamezon_Two_hundred_and_forty,Palevioletred-Phi,Orange-Upsilon,159005
544,Myrtus_One_hundred_and_sixty-five,Red-Pi,Oldlace-Omicron,575005
545,Sunflower_One_hundred_and_thirty-four,Gold-Gamma,Lightcoral-Pi,66016
546,Ornithogalum_Two_hundred_and_eighty-four,Lightgoldenrodyellow-Kappa,Lightyellow-Omega,298013
547,Nephrolepis_Ninety-eight,Tomato-Beta,Floralwhite-Omega,205013
548,Phalaenopsis_Three_hundred_and_fifty-two,Turquoise-Beta,Mintcream-Alpha,495014
549,Pittosporum_Fourteen,Yellowgreen-Rho,Darkgoldenrod-Theta,290005
550,Chrysanthemum_Three_hundred,Lightgoldenrodyellow-Zeta,Darkturquoise-Theta,333014
551,Mimosa_Three_hundred_and_twenty-one,Darkolivegreen-Omega,Darkcyan-Omicron,214016
552,Stock_One_hundred_and_twelve,Blanchedalmond-Beta,Blanchedalmond-Epsilon,67013
553,Nerine_Thirty-four,Darkolivegreen-Rho,Chartreuse-Beta,287005
554,Achillea_Seventy-one,Cadetblue-Xi,Darkgrey-Xi,243005
555,Achillea_Eighty-two,Greenyellow-Upsilon,Gainsboro-Alpha,158012
556,Saxicola_One_hundred_and_ten,Lightgray-Delta,Azure-Pi,222013
557,Godetia_Two_hundred_and_eighty-six,Cadetblue-Sigma,Maroon-Tau,54005
558,Craspedia_One_hundred_and_twelve,Aquamarine-Iota,Lavenderblush-Pi,15029
559,Tulip_Three_hundred_and_fifty-two,Deeppink-Kappa,Blanchedalmond-Omega,295004
560,Solidago_Three_hundred_and_thirty,Bisque-Upsilon,Linen-Nu,594005
561,Larkspur_One_hundred_and_sixty-five,Forestgreen-Zeta,Indigo-Phi,480005
562,Gardenia_Four_hundred_and_sixty-one,Steelblue-Kappa,Green-Tau,233017
563,Wattle_Four_hundred_and_seventy,Palegoldenrod-Gamma,Orange-Theta,221035
564,Speedwell_Twelve,Darksalmon-Zeta,Mediumaquamarine-Upsilon,90005
565,Chamelaucium_Eighty-seven,Mediumslateblue-Chi,Orchid-Pi,122014
566,Heather_Two_hundred_and_thirty,Darkcyan-Lamda,Darkolivegreen-Rho,260012
567,Enthusiasm_Three_hundred_and_fifteen,Lightslategray-Gamma,Rosybrown-Kappa,388005
568,Zantedeschia_Four_hundred_and_forty-three,Olive-Nu,Darkslategrey-Kappa,354005
569,Broom_Three_hundred_and_sixty-nine,Lightpink-Psi,Darkgrey-Xi,106028
570,Cymbidium_Four_hundred_and_sixty-two,Aqua-Omega,Mediumvioletred-Eta,48014
571,Lisianthus_Four_hundred_and_ninety-nine,Oldlace-Omicron,Darksalmon-Beta,126049
572,Snapdragon_One_hundred_and_three,Powderblue-Phi,Mediumblue-Tau,195004
573,Lisianthus_Two_hundred_and_thirty-six,Sandybrown-Eta,Burlywood-Zeta,321012
574,Campanula_Two_hundred_and_twelve,Rebeccapurple-Sigma,Saddlebrown-Pi,299016
575,Hydrangea_Four_hundred_and_fifty-three,Slateblue-Psi,Thistle-Nu,320015
576,Ginger_Forty-seven,Lemonchiffon-Chi,Maroon-Phi,329016
577,Farewell-To-Spring_Three_hundred_and_ninety-one,Darkmagenta-Rho,Bisque-Sigma,51005
578,Lavender_Twenty-seven,Darkmagenta-Omicron,Gray-Lamda,46005
579,Anigozanthus_One_hundred_and_sixty-one,Mediumorchid-Alpha,Mediumvioletred-Xi,249017
580,Lisianthus_Four_hundred_and_ninety-nine,Oldlace-Omicron,Crimson-Zeta,126051
581,Stephanotis_One_hundred_and_twenty-six,Forestgreen-Upsilon,Honeydew-Delta,19014
582,Iris_One_hundred_and_twenty-seven,Forestgreen-Alpha,Palevioletred-Omicron,223012
583,Dahlia_Two_hundred_and_eight,Darkgray-Alpha,Green-Rho,136005
584,Iris_Three_hundred_and_ninety-five,Slateblue-Chi,Cornsilk-Omega,209014
585,Daffodil_Thirty-eight,Darkcyan-Iota,Slategray-Sigma,311014
586,Bellflower_One_hundred_and_sixty-two,Red-Phi,Mediumorchid-Gamma,89015
587,Enthusiasm_Three_hundred_and_seventeen,Olive-Xi,Lightgoldenrodyellow-Pi,392004
588,Windflower_One_hundred_and_one,Gold-Chi,Lightcoral-Upsilon,520004
589,Wattle_Three_hundred_and_ninety-two,Aquamarine-Delta,Powderblue-Kappa,219028
590,Myrtus_One_hundred_and_fifty-four,Turquoise-Mu,Lavenderblush-Nu,112004
591,Narcissus_Three_hundred_and_seventy-nine,Antiquewhite-Epsilon,Ivory-Gamma,259017
592,Astilbe_Twenty-two,Snow-Omicron,Darkmagenta-Upsilon,612005
593,Agapanthus_Two_hundred_and_fourteen,Rebeccapurple-Sigma,Moccasin-Eta,74004
594,Daffodil_Two_hundred_and_fifty-nine,Ghostwhite-Omega,Whitesmoke-Pi,403012
595,Limonium_One_hundred_and_eighty-one,Mediumorchid-Alpha,Dodgerblue-Tau,3031
596,Campanula_Sixty-one,Red-Lamda,Midnightblue-Upsilon,394004
597,Knapweed_Two_hundred_and_ninety-seven,Azure-Beta,Mediumvioletred-Upsilon,177004
598,Phlox_Two_hundred_and_fifty-two,Lightgray-Iota,Palevioletred-Phi,528004
599,Gladiolus_Two_hundred_and_fifteen,Orangered-Chi,Fuchsia-Gamma,401004
600,Gyp_Two_hundred_and_ninety-four,White-Sigma,Thistle-Eta,6035
601,Wattle_Three_hundred_and_ninety-two,Khaki-Chi,Powderblue-Kappa,219035
602,Lavender_Three_hundred_and_eighty-six,Forestgreen-Sigma,Dimgray-Tau,310004
603,Narcissus_Forty-five,Darkseagreen-Nu,Darkorange-Pi,206025
604,Gardenia_Four_hundred_and_sixty-one,Green-Tau,Royalblue-Gamma,233014
605,Love-lies-bleeding_One_hundred_and_ninety-three,Dodgerblue-Sigma,Mistyrose-Rho,382005
606,Ranunculus_Two_hundred_and_fifteen,Springgreen-Xi,Thistle-Omega,440004
607,Phalaenopsis_Fifty-four,Moccasin-Kappa,Darkgoldenrod-Chi,156045
608,Wattle_Four_hundred_and_seventy,Palegoldenrod-Gamma,Seashell-Mu,221034
609,Philodendron_Two_hundred_and_eighty-six,Plum-Kappa,Gold-Theta,27005
610,Cymbidium_One_hundred_and_twenty-two,Darkslateblue-Iota,Dimgray-Phi,137013
611,Narcissus_Three_hundred_and_seventy-nine,Ivory-Gamma,Plum-Omicron,259014
612,Ginger_Two_hundred_and_sixteen,Mediumvioletred-Upsilon,Darkviolet-Sigma,389004
613,Montbretia_Two_hundred_and_five,Darkturquoise-Beta,Salmon-Eta,455012
614,Rattlesnake_Four_hundred_and_twenty-nine,Darkorchid-Pi,Darksalmon-Zeta,197005
615,Waxflower_Two_hundred_and_eighty-six,Darkcyan-Sigma,Royalblue-Gamma,387005
616,Wolfsbane_Three_hundred_and_eleven,Fuchsia-Lamda,Lightcoral-Pi,437013
617,Nerine_Four_hundred_and_seventy-seven,Orange-Beta,Darkcyan-Zeta,296004
618,Craspedia_One_hundred_and_eighty,Navajowhite-Rho,Linen-Omicron,351014
619,Lisianthus_Two_hundred_and_thirty-six,Blanchedalmond-Rho,Sandybrown-Eta,321016
620,Lily_Three_hundred_and_ninety-one,Peru-Zeta,Lightsalmon-Epsilon,99013
621,Anigozanthus_Four_hundred_and_seventy-three,Royalblue-Chi,Darkgoldenrod-Lamda,435005
622,Wattle_Thirty-seven,Lightyellow-Phi,Mediumslateblue-Gamma,519004
623,Limonium_One_hundred_and_eighty-one,Dodgerblue-Tau,Mediumorchid-Alpha,3028
624,Broom_Four_hundred_and_ninety,Deepskyblue-Beta,Green-Zeta,11005
625,Ranunculus_Four_hundred_and_eighty-seven,Beige-Omega,Teal-Zeta,98013
626,Anthurium_Three_hundred_and_eighteen,Mediumvioletred-Upsilon,Navy-Rho,33004
627,Gyp_Two_hundred_and_ninety-eight,Powderblue-Gamma,Purple-Chi,180004
628,Myrsine_Two_hundred,Wheat-Rho,Mediumorchid-Epsilon,362032
629,Stephanotis_One_hundred_and_twenty-six,Green-Rho,Honeydew-Delta,19016
630,Lisianthus_Four_hundred_and_ninety-nine,Crimson-Zeta,Lightsteelblue-Theta,126059
631,Myrtle_Forty,Snow-Omicron,Brown-Nu,70005
632,Rattlesnake_Two_hundred_and_ninety-nine,Lavenderblush-Iota,Slategray-Sigma,127005
633,Myrsine_Two_hundred,Moccasin-Eta,Magenta-Beta,362024
634,Phalaenopsis_Three_hundred_and_twenty,Gainsboro-Alpha,Mediumorchid-Zeta,218004
635,Ginger_One_hundred_and_thirty-two,Lightpink-Upsilon,Floralwhite-Theta,37040
636,Wolfsbane_Three_hundred_and_eleven,Fuchsia-Lamda,Thistle-Beta,437012
637,Lisianthus_Three_hundred_and_forty-four,Deeppink-Tau,Gainsboro-Nu,370014
638,Carnation_Sixty-seven,Seashell-Nu,Lightcoral-Pi,24005
639,Myrsine_Two_hundred_and_eighty,Salmon-Iota,Darkturquoise-Beta,184014
640,Caspia_Three_hundred_and_seventy,Beige-Alpha,Mediumturquoise-Epsilon,185016
641,Iris_Three_hundred_and_ninety-five,Cornsilk-Omega,Slateblue-Chi,209012
642,Montbretia_Four_hundred_and_thirty-three,Dodgerblue-Sigma,Saddlebrown-Beta,68004
643,Narcissus_Three_hundred_and_twenty-five,Darkorchid-Alpha,Mediumblue-Upsilon,212015
644,Zantedeschia_Two_hundred_and_thirty-three,Chartreuse-Beta,Plum-Alpha,425004
645,Craspedia_One_hundred_and_twelve,Lavenderblush-Pi,Sienna-Iota,15035
646,Anemone_Two_hundred_and_nine,Linen-Nu,Pink-Gamma,256016
647,Veronica_Twenty-three,Crimson-Tau,Darkseagreen-Sigma,443004
648,Gerbera_Sixty-six,Bisque-Mu,Seashell-Zeta,20044
649,Anigozanthus_One_hundred_and_sixty-one,Mediumorchid-Alpha,White-Nu,249016
650,Nephrolepis_Ninety-eight,Tomato-Beta,Red-Pi,205012
651,Asparagus_Three_hundred_and_ninety-one,Lightsteelblue-Lamda,Floralwhite-Eta,349005
652,Paeonia_Two_hundred_and_thirty-one,Darksalmon-Beta,Navy-Beta,83014
653,Ginger_Forty-seven,Burlywood-Omicron,Lemonchiffon-Chi,329015
654,Lisianthus_Four_hundred_and_ninety-nine,Red-Lamda,Darksalmon-Beta,126040
655,Cosmos_One,Pink-Psi,Springgreen-Omicron,87004
656,Ranunculus_One_hundred_and_seventy-one,Olive-Chi,Sandybrown-Tau,497013
657,Ranunculus_Three_hundred_and_seventy,Mistyrose-Rho,Lightsteelblue-Mu,1016
658,Hydrangea_Four_hundred_and_fifty-three,Lightblue-Mu,Slateblue-Psi,320012
659,Anigozanthus_One_hundred_and_sixty-one,White-Nu,Mediumvioletred-Xi,249012
660,Iris_One_hundred_and_forty-nine,Powderblue-Lamda,Slategrey-Tau,363017
661,Cymbidium_One_hundred_and_twenty-two,Dimgray-Xi,Dimgray-Phi,137015
662,Zantedeschia_Four_hundred_and_forty-three,Darkslategrey-Kappa,Olive-Nu,354004
663,Myrsine_Two_hundred_and_eighty,Peru-Eta,Darkturquoise-Beta,184016
664,Lily_Three_hundred_and_ninety-one,Lightgreen-Rho,Lightsalmon-Epsilon,99015
665,Craspedia_One_hundred_and_twelve,Sienna-Iota,Lavenderblush-Pi,15032
666,Mimosa_Three_hundred_and_twenty-one,Honeydew-Beta,Darkolivegreen-Omega,214015
667,Ginger_One_hundred_and_thirty-two,Fuchsia-Gamma,Black-Iota,37058
668,Limonium_One_hundred_and_eighty-one,Mediumorchid-Alpha,Mediumslateblue-Delta,3032
669,Lisianthus_Forty-two,Orangered-Epsilon,Navy-Sigma,109014
670,Wattle_Three_hundred_and_ninety-two,Powderblue-Kappa,Lightgrey-Gamma,219030
671,Wolfsbane_Two_hundred_and_thirty-four,Mediumaquamarine-Beta,Silver-Sigma,153014
672,Bellflower_One_hundred_and_sixty-two,Green-Mu,Red-Phi,89012
673,Banksia_Two_hundred_and_eighty-eight,Tan-Alpha,Powderblue-Kappa,400004
674,Narcissus_Forty-five,Seashell-Psi,Darkorange-Pi,206035
675,Lisianthus_Four_hundred_and_ninety-nine,Darksalmon-Beta,Oldlace-Omicron,126045
676,Bellflower_Two_hundred_and_eighty-four,Honeydew-Pi,Teal-Beta,171017
677,Cymbidium_One_hundred_and_twenty-two,Darkslateblue-Iota,Dimgray-Xi,137012
678,Campanula_Two_hundred_and_twelve,Saddlebrown-Pi,Oldlace-Phi,299012
679,Nerine_Thirty-four,Chartreuse-Beta,Darkolivegreen-Rho,287004
680,Cosmos_Seven,Cyan-Psi,Oldlace-Omicron,374026
681,Enthusiasm_Forty-two,Aliceblue-Delta,Magenta-Pi,399005
682,Sansevieria_Three_hundred_and_seventy-four,Deepskyblue-Sigma,Ghostwhite-Omicron,188015
683,Mimosa_Three_hundred_and_twenty-one,Darkolivegreen-Omega,Honeydew-Beta,214017
684,Nigella_Three_hundred_and_thirty-six,Green-Zeta,Palegoldenrod-Omega,269005
685,Myrsine_Two_hundred_and_eighty,Peru-Eta,Salmon-Iota,184017
686,Lily_Three_hundred_and_ninety-one,Peru-Zeta,Lightgreen-Rho,99012
687,Phalaenopsis_Fifty-four,Moccasin-Kappa,Silver-Sigma,156047
688,Phalaenopsis_Two_hundred_and_fifty-six,Lightslategray-Psi,Darkgreen-Epsilon,484005
689,Cymbidium_Four_hundred_and_sixty-two,Darkgoldenrod-Chi,Mediumvioletred-Eta,48016
690,Stephanotis_One_hundred_and_twenty-six,Honeydew-Delta,Forestgreen-Upsilon,19012
691,Broom_Four_hundred_and_thirty-five,Aquamarine-Delta,Tan-Gamma,586004
692,Banksia_Four_hundred_and_eighty-seven,Fuchsia-Nu,Chartreuse-Delta,141005
693,Bouvardia_Three_hundred_and_twenty-two,Honeydew-Pi,Mediumpurple-Iota,169005
694,Craspedia_One_hundred_and_twelve,Lavenderblush-Pi,Aquamarine-Iota,15034
695,Narcissus_Forty-five,Darkorange-Pi,Seashell-Psi,206032
696,Wattle_Four_hundred_and_seventy,Royalblue-Gamma,Orange-Theta,221025
697,Chrysanthemum_Three_hundred,Darkturquoise-Theta,Lightgoldenrodyellow-Zeta,333012
698,Ginger_One_hundred_and_thirty-two,Floralwhite-Theta,Black-Iota,37045
699,Tailflowers_Ninety-six,Lightslategray-Psi,Gainsboro-Gamma,55013
700,Bouvardia_One_hundred_and_twenty-seven,Deeppink-Tau,Turquoise-Mu,280013
701,Sansevieria_Three_hundred_and_seventy-four,Green-Nu,Deepskyblue-Sigma,188012
702,Lisianthus_Two_hundred_and_thirty-six,Burlywood-Zeta,Sandybrown-Eta,321014
703,Anemone_Two_hundred_and_nine,Linen-Nu,Ghostwhite-Zeta,256017
704,Lily_Three_hundred_and_ninety-one,Lightgreen-Rho,Peru-Zeta,99014
705,Zantedeschia_Two_hundred_and_fifty-nine,Maroon-Phi,Slategray-Sigma,96012
706,Nerine_Three_hundred_and_sixty-eight,Sandybrown-Phi,Antiquewhite-Omicron,348016
707,Pittosporum_Thirty-nine,Ghostwhite-Nu,Lightslategray-Iota,39005
708,Veronica_Three_hundred_and_ninety-seven,Skyblue-Zeta,Chartreuse-Beta,446005
709,Zantedeschia_Two_hundred_and_thirty-three,Plum-Alpha,Chartreuse-Beta,425005
710,Phalaenopsis_Fifty-four,Silver-Sigma,Orange-Psi,156059
711,Zinna_One_hundred_and_ninety-five,Blueviolet-Pi,Slategrey-Upsilon,461004
712,Achillea_Eighty-two,Greenyellow-Upsilon,Mediumturquoise-Mu,158013
713,Tracelium_Four_hundred_and_sixty-five,Blue-Alpha,Royalblue-Chi,489016
714,Scabiosa_One_hundred_and_seven,Rebeccapurple-Epsilon,Fuchsia-Lamda,132016
715,Myrsine_Two_hundred,Magenta-Beta,Wheat-Rho,362028
716,Phlox_Two_hundred_and_eighty-one,Rebeccapurple-Sigma,Lavender-Upsilon,244004
717,Wattle_Four_hundred_and_seventy,Palegoldenrod-Gamma,Royalblue-Gamma,221033
718,Sansevieria_Three_hundred_and_seventy-four,Deepskyblue-Sigma,Green-Nu,188014
719,Lilly-of-the-Valley_Sixty-four,Antiquewhite-Alpha,Rosybrown-Sigma,118005
720,Lavender_Three_hundred_and_fifty-eight,Hotpink-Theta,Gainsboro-Mu,168004
721,Waxflower_Two_hundred_and_twenty-five,Springgreen-Kappa,Mediumvioletred-Upsilon,408017
722,Gerbera_Three_hundred_and_thirty-five,Yellowgreen-Xi,Darkgoldenrod-Theta,421005
723,Heather_Two_hundred_and_thirty,Darkolivegreen-Rho,Mediumblue-Psi,260015
724,Iris_One_hundred_and_forty-nine,Slategrey-Tau,Powderblue-Lamda,363015
725,Sansevieria_Four_hundred_and_thirty-one,Pink-Gamma,Saddlebrown-Chi,485005
726,Wattle_Three_hundred_and_ninety-two,Powderblue-Kappa,Aquamarine-Delta,219031
727,Heather_Three_hundred_and_eighty-four,Darkslategray-Upsilon,Sandybrown-Tau,65014
728,Candytuft_Twenty-nine,Darkslategray-Xi,Cyan-Zeta,334004
729,Phalaenopsis_Fifty-four,Orange-Psi,Silver-Sigma,156055
730,Ginger_Forty-seven,Maroon-Phi,Burlywood-Omicron,329012
731,Sunflower_Three_hundred_and_eighteen,Blanchedalmond-Beta,Royalblue-Epsilon,56013
732,Achillea_Eighty-two,Gainsboro-Alpha,Mediumturquoise-Mu,158015
733,Bellflower_Two_hundred_and_eighty-four,Gold-Gamma,Teal-Beta,171012
734,Pittosporum_One_hundred_and_eleven,Palegreen-Zeta,Slateblue-Omicron,176005
735,Lilly-of-the-Valley_One_hundred_and_forty,Cornsilk-Theta,Lightgoldenrodyellow-Pi,121004
736,Lisianthus_Four_hundred_and_ninety-nine,Crimson-Zeta,Red-Lamda,126056
737,Saxicola_One_hundred_and_ten,Azure-Pi,Darkcyan-Sigma,222017
738,Pitt_One_hundred_and_two,Wheat-Beta,Mediumslateblue-Delta,49015
739,Paeonia_Three_hundred_and_thirty-three,Midnightblue-Rho,Gainsboro-Omega,92012
740,Wolfsbane_Three_hundred_and_eleven,Lightcoral-Pi,Fuchsia-Lamda,437016
741,Wolfsbane_Three_hundred_and_eleven,Lightcoral-Pi,Thistle-Beta,437017
742,Ornithogalum_Two_hundred_and_eighty-four,Lightyellow-Omega,Lightgoldenrodyellow-Kappa,298016
743,Myrsine_One_hundred_and_twenty-six,Mediumorchid-Omega,Slategrey-Xi,145015
744,Ranunculus_Four_hundred_and_eighty-seven,Teal-Zeta,Beige-Omega,98016
745,Sunflower_Three_hundred_and_eighteen,Tan-Gamma,Royalblue-Epsilon,56015
746,Bouvardia_Sixty-seven,Antiquewhite-Rho,Sandybrown-Iota,434004
747,Zantedeschia_One_hundred_and_ninety-six,Darkred-Mu,Aquamarine-Rho,581005
748,Heather_Sixty-four,Darkviolet-Tau,Crimson-Iota,391005
749,Phalaenopsis_Fifty-four,Orange-Psi,Darkgoldenrod-Chi,156054
750,Cosmos_Three_hundred_and_sixty-one,Coral-Chi,Orange-Chi,538014
751,Jonquil_Fifty,Lightgrey-Lamda,Gold-Delta,375016
752,Wattle_Four_hundred_and_seventy,Royalblue-Gamma,Seashell-Mu,221024
753,Wattle_Three_hundred_and_ninety-two,Lightgrey-Gamma,Aquamarine-Delta,219024
754,Bouvardia_One_hundred_and_twenty-seven,Turquoise-Mu,Deeppink-Tau,280016
755,Nephrolepis_Ninety-eight,Floralwhite-Omega,Tomato-Beta,205016
756,Craspedia_One_hundred_and_eighty,Darkorange-Theta,Navajowhite-Rho,351017
757,Jonquil_Two_hundred_and_sixty-three,Rebeccapurple-Xi,Darkslateblue-Rho,22005
758,Enthusiasm_Three_hundred_and_twenty-two,Darkolivegreen-Omicron,Gainsboro-Xi,149005
759,Ginger_One_hundred_and_thirty-two,White-Psi,Fuchsia-Gamma,37055
760,Lisianthus_Four_hundred_and_ninety-nine,Lightsteelblue-Theta,Darksalmon-Beta,126053
761,Heather_Three_hundred_and_eighty-four,Ivory-Xi,Darkslategray-Upsilon,65017
762,Gerbera_Sixty-six,Sandybrown-Iota,Bisque-Mu,20053
763,Jonquil_Two_hundred_and_sixty-three,Darkslateblue-Rho,Rebeccapurple-Xi,22004
764,Iris_One_hundred_and_twenty-seven,Aliceblue-Kappa,Palevioletred-Omicron,223017
765,Carnation_Four_hundred_and_forty,Palevioletred-Phi,Mediumpurple-Gamma,105004
766,Rose_Twenty-three,Goldenrod-Sigma,Darkkhaki-Zeta,297015
767,Gardenia_Four_hundred_and_sixty-one,Royalblue-Gamma,Green-Tau,233012
768,Broom_Three_hundred_and_sixty-nine,Darkseagreen-Mu,Seashell-Psi,106026
769,Phalaenopsis_Fifty-four,Magenta-Pi,Orange-Psi,156042
770,Chamelaucium_One_hundred_and_eighty-six,Darkred-Phi,Darkolivegreen-Rho,43004
771,Solidago_Four_hundred_and_thirty-six,Darkorchid-Alpha,Powderblue-Xi,124005
772,Cosmos_Seven,Oldlace-Omicron,Ghostwhite-Omega,374035
773,Salix_Forty,Rosybrown-Alpha,Lightsalmon-Zeta,53015
774,Narcissus_Three_hundred_and_twenty-five,Mediumblue-Upsilon,Honeydew-Omicron,212016
775,Montbretia_Two_hundred_and_sixty-eight,Indianred-Mu,Silver-Zeta,384004
776,Gardenia_One_hundred_and_nineteen,Seagreen-Upsilon,Dimgrey-Psi,315005
777,Montbretia_Two_hundred_and_five,Silver-Lamda,Salmon-Eta,455017
778,Paeonia_Three_hundred_and_thirty-three,Gainsboro-Omega,Indigo-Zeta,92015
779,Cosmos_Seven,Oldlace-Omicron,Cyan-Psi,374033
780,Anigozanthus_Three_hundred_and_nine,Maroon-Lamda,Mistyrose-Eta,172004
781,Rattlesnake_Four_hundred_and_twenty-nine,Darksalmon-Zeta,Darkorchid-Pi,197004
782,Myrsine_Two_hundred_and_eighty,Salmon-Iota,Peru-Eta,184015
783,Jonquil_One_hundred_and_twenty-four,Lightsteelblue-Mu,Darkgoldenrod-Chi,78004
784,Craspedia_One_hundred_and_twelve,Sienna-Iota,Aquamarine-Iota,15031
785,Nigella_One_hundred_and_seventy-one,Darkviolet-Iota,Whitesmoke-Psi,5015
786,Anthurium_Two_hundred_and_thirteen,Salmon-Iota,Greenyellow-Rho,504005
787,Myrsine_Two_hundred,Moccasin-Eta,Wheat-Rho,362025
788,Narcissus_Four_hundred_and_eighteen,Snow-Chi,Lightgray-Iota,429004
789,Jonquil_Three_hundred_and_seventy,Rosybrown-Alpha,Tomato-Omega,45005
790,Daffodil_Two_hundred_and_fifty-nine,Whitesmoke-Pi,Ghostwhite-Omega,403014
791,Gerbera_Sixty-six,Sandybrown-Iota,Ghostwhite-Omicron,20055
792,Wattle_Four_hundred_and_seventy,Orange-Theta,Royalblue-Gamma,221030
793,Wolfsbane_Three_hundred_and_eleven,Thistle-Beta,Lightcoral-Pi,437015
794,Iris_Three_hundred_and_ninety-five,Slateblue-Chi,Cyan-Pi,209015
795,Bouvardia_Three_hundred_and_twenty-two,Mediumpurple-Iota,Honeydew-Pi,169004
796,Montbretia_Two_hundred_and_five,Darkturquoise-Beta,Silver-Lamda,455013
797,Solidago_One_hundred_and_ninety-one,Floralwhite-Omega,Goldenrod-Iota,494004
798,Limonium_One_hundred_and_twenty-three,Dimgrey-Pi,Navy-Lamda,125016
799,Gladiolus_Two_hundred_and_fifteen,Fuchsia-Gamma,Orangered-Chi,401005
800,Lisianthus_Two_hundred_and_thirty-six,Sandybrown-Eta,Blanchedalmond-Rho,321013
801,Ginger_One_hundred_and_thirty-two,Black-Iota,Fuchsia-Gamma,37051
802,Memosa_Four_hundred_and_thirty-nine,Lawngreen-Psi,Cornsilk-Pi,366016
803,Limonium_One_hundred_and_twenty-three,Dimgrey-Pi,Brown-Omega,125017
804,Tailflowers_Four_hundred_and_sixty-one,Ghostwhite-Tau,Seagreen-Tau,576005
805,Iris_One_hundred_and_forty-nine,Powderblue-Lamda,Goldenrod-Lamda,363016
806,Acacia_Sixty-one,Mediumorchid-Omega,Darkblue-Alpha,279005
807,Heather_Three_hundred_and_eighty-four,Sandybrown-Tau,Ivory-Xi,65013
808,Scabiosa_One_hundred_and_seven,Rebeccapurple-Epsilon,Lightskyblue-Omega,132017
809,Saxicola_One_hundred_and_ten,Darkcyan-Sigma,Azure-Pi,222015
810,Lily_Three_hundred_and_ninety-one,Lightsalmon-Epsilon,Lightgreen-Rho,99017
811,Caspia_Three_hundred_and_fourteen,Lightgray-Eta,Lightgrey-Iota,396005
812,Wattle_Three_hundred_and_ninety-two,Aquamarine-Delta,Lightgrey-Gamma,219027
813,Wattle_Four_hundred_and_seventy,Seashell-Mu,Orange-Theta,221028
814,Ranunculus_Four_hundred_and_eighty-seven,Blue-Alpha,Teal-Zeta,98015
815,Pittosporum_Three_hundred_and_twenty-eight,Lightsalmon-Beta,Cyan-Upsilon,427013
816,Myrsine_Two_hundred_and_eighty,Darkturquoise-Beta,Peru-Eta,184013
817,Wolfsbane_Two_hundred_and_thirty-four,Greenyellow-Theta,Mediumaquamarine-Beta,153017
818,Anigozanthus_One_hundred_and_sixty-one,Mediumvioletred-Xi,White-Nu,249014
819,Scabiosa_Two,Burlywood-Beta,Darkorange-Eta,75005
820,Tracelium_Four_hundred_and_sixty-five,Royalblue-Chi,Paleturquoise-Eta,489012
821,Phlox_Two_hundred_and_eighty-one,Lavender-Upsilon,Rebeccapurple-Sigma,244005
822,Saxicola_One_hundred_and_ten,Lightgray-Delta,Darkcyan-Sigma,222012
823,Phalaenopsis_Eighty-five,Mediumslateblue-Phi,Cyan-Mu,52016
824,Ranunculus_Three_hundred_and_seventy,Lightsteelblue-Mu,Mistyrose-Rho,1013
825,Scabiosa_Two,Darkorange-Eta,Burlywood-Beta,75004
826,Sunflower_Three_hundred_and_eighteen,Blanchedalmond-Beta,Tan-Gamma,56012
827,Lisianthus_Four_hundred_and_ninety-nine,Darksalmon-Beta,Red-Lamda,126044
828,Nerine_Three_hundred_and_sixty-eight,Sandybrown-Phi,Darkviolet-Gamma,348017
829,Iris_One_hundred_and_ninety-two,Lawngreen-Upsilon,Papayawhip-Kappa,402005
830,Cymbidium_One_hundred_and_ninety-four,Wheat-Omega,Mediumspringgreen-Rho,95012
831,Safflower_Two_hundred_and_fifty-six,Mediumaquamarine-Epsilon,Mediumspringgreen-Beta,142004
832,Philodendron_Two_hundred_and_thirty-three,Crimson-Psi,Greenyellow-Nu,0005
833,Chrysanthemum_Four_hundred_and_sixty-five,Teal-Beta,Orangered-Beta,31017
834,Tailflowers_Ninety-six,Gainsboro-Gamma,Steelblue-Kappa,55017
835,Craspedia_One_hundred_and_twelve,Lightblue-Zeta,Sienna-Iota,15025
836,Lisianthus_Three_hundred_and_forty-four,Gainsboro-Nu,Deeppink-Tau,370012
837,Iris_Three_hundred_and_ninety-five,Cornsilk-Omega,Cyan-Pi,209013
838,Ornithogalum_Fifty-five,Tomato-Kappa,Salmon-Eta,377004
839,Tailflowers_Ninety-six,Steelblue-Kappa,Gainsboro-Gamma,55015
840,Wattle_Thirty-seven,Mediumslateblue-Gamma,Lightyellow-Phi,519005
841,Ranunculus_One_hundred_and_seventy-one,Burlywood-Omicron,Sandybrown-Tau,497015
842,Schinus_Eight,Darkseagreen-Tau,Wheat-Omega,361005
843,Wolfsbane_Two_hundred_and_thirty-four,Greenyellow-Theta,Silver-Sigma,153016
844,Wattle_Three_hundred_and_ninety-two,Khaki-Chi,Lightgrey-Gamma,219033
845,Salix_Forty,Rosybrown-Alpha,Olive-Xi,53014
846,Wattle_Three_hundred_and_ninety-two,Khaki-Chi,Aquamarine-Delta,219034
847,Veronica_Three_hundred_and_ninety-seven,Chartreuse-Beta,Skyblue-Zeta,446004
848,Lisianthus_Four_hundred_and_ninety-nine,Lightsteelblue-Theta,Red-Lamda,126052
849,Wolfsbane_Two_hundred_and_thirty-four,Silver-Sigma,Mediumaquamarine-Beta,153012
850,Strawflower_Two_hundred_and_forty-five,Darkseagreen-Mu,Mediumvioletred-Epsilon,234004
851,Lavender_Three_hundred_and_forty-nine,Orange-Omicron,Goldenrod-Omicron,4005
852,Throatwort_Three_hundred_and_thirty-four,Mintcream-Beta,Darkgrey-Eta,509005
853,Cosmos_One,Springgreen-Omicron,Pink-Psi,87005
854,Zantedeschia_Two_hundred_and_fifty-nine,Slategray-Sigma,Maroon-Phi,96014
855,Waxflower_Two_hundred_and_twenty-five,Springgreen-Lamda,Springgreen-Kappa,408013
856,Iris_One_hundred_and_forty-nine,Slategrey-Tau,Goldenrod-Lamda,363014
857,Tracelium_Thirty-six,White-Upsilon,Linen-Mu,330005
858,Ranunculus_One_hundred_and_seventy-one,Sandybrown-Tau,Olive-Chi,497016
859,Carnation_Forty-seven,Seagreen-Tau,Darkolivegreen-Sigma,568005
860,Ornithogalum_One_hundred_and_sixty-five,Lightseagreen-Delta,Tan-Chi,69012
861,Stock_One_hundred_and_twelve,Darkolivegreen-Xi,Blanchedalmond-Epsilon,67015
862,Zantedeschia_One_hundred_and_ninety-six,Aquamarine-Rho,Darkred-Mu,581004
863,Phalaenopsis_Fifty-four,Magenta-Pi,Silver-Sigma,156043
864,Phalaenopsis_Three_hundred_and_fifty-two,Mintcream-Alpha,Tomato-Kappa,495013
865,Bellflower_One_hundred_and_sixty-two,Mediumorchid-Gamma,Red-Phi,89017
866,Limonium_One_hundred_and_eighty-one,Dodgerblue-Tau,Royalblue-Tau,3027
867,Broom_Three_hundred_and_sixty-nine,Darkseagreen-Mu,Lightpink-Psi,106024
868,Phalaenopsis_Three_hundred_and_fifty-two,Tomato-Kappa,Turquoise-Beta,495017
869,Gyp_Two_hundred_and_ninety-four,White-Sigma,Darkmagenta-Xi,6034
870,Heather_Two_hundred_and_thirty,Mediumblue-Psi,Darkcyan-Lamda,260016
871,Campanula_Two_hundred_and_twelve,Saddlebrown-Pi,Rebeccapurple-Sigma,299013
872,Ranunculus_One_hundred_and_seventy-one,Sandybrown-Tau,Burlywood-Omicron,497017
873,Ginger_One_hundred_and_thirty-two,Lightpink-Upsilon,White-Psi,37042
874,Limonium_Three_hundred_and_twenty-two,Goldenrod-Iota,Orchid-Pi,247005
875,Myrsine_Two_hundred_and_eighty,Darkturquoise-Beta,Salmon-Iota,184012
876,Narcissus_Three_hundred_and_seventy-nine,Antiquewhite-Epsilon,Plum-Omicron,259016
877,Gerbera_Sixty-six,Ghostwhite-Omicron,Bisque-Mu,20057
878,Anthurium_Two_hundred_and_thirteen,Greenyellow-Rho,Salmon-Iota,504004
879,Wattle_Four_hundred_and_seventy,Seashell-Mu,Royalblue-Gamma,221027
880,Drumstick_Four_hundred_and_eighty-five,Cornflowerblue-Lamda,Mediumspringgreen-Iota,398005
881,Lisianthus_Forty-two,Orangered-Epsilon,Red-Alpha,109015
882,Tailflowers_Ninety-six,Lightslategray-Psi,Steelblue-Kappa,55012
883,Pittosporum_Three_hundred_and_twenty-eight,Cyan-Upsilon,Lightsalmon-Beta,427016
884,Lisianthus_Four_hundred_and_ninety-nine,Lightsteelblue-Theta,Crimson-Zeta,126055
885,Gyp_Two_hundred_and_ninety-four,White-Sigma,Maroon-Tau,6033
886,Craspedia_One_hundred_and_twelve,Aquamarine-Iota,Lightblue-Zeta,15027
887,Tracelium_Four_hundred_and_sixty-five,Paleturquoise-Eta,Royalblue-Chi,489014
888,Cosmos_Three_hundred_and_sixty-one,Orange-Chi,Darksalmon-Zeta,538013
889,Lisianthus_Four_hundred_and_ninety-nine,Red-Lamda,Lightsteelblue-Theta,126042
890,Chrysanthemum_Three_hundred,Blue-Alpha,Darkturquoise-Theta,333016
891,Chrysanthemum_Three_hundred,Lightgoldenrodyellow-Zeta,Blue-Alpha,333015
892,Waxflower_Two_hundred_and_twenty-five,Springgreen-Kappa,Springgreen-Lamda,408016
893,Saponaria_Two_hundred_and_eight,Khaki-Tau,Whitesmoke-Alpha,316005
894,Paeonia_Three_hundred_and_thirty-three,Indigo-Zeta,Gainsboro-Omega,92017
895,Nephrolepis_Ninety-eight,Red-Pi,Floralwhite-Omega,205015
896,Rattlesnake_Two_hundred_and_ninety-nine,Slategray-Sigma,Lavenderblush-Iota,127004
897,Heath_Four_hundred_and_seventy-seven,Darkgray-Phi,Yellowgreen-Omega,474004
898,Cornflower_One_hundred_and_thirty-four,Lightcoral-Delta,Crimson-Iota,340005
899,Wattle_Four_hundred_and_seventy,Royalblue-Gamma,Palegoldenrod-Gamma,221026
900,Lavandula_One_hundred_and_ninety-one,Darkslategray-Xi,Darkmagenta-Omicron,34004
901,Farewell-To-Spring_Three_hundred_and_ninety-one,Bisque-Sigma,Darkmagenta-Rho,51004
902,Memosa_Four_hundred_and_thirty-nine,Cornsilk-Pi,Lawngreen-Psi,366013
903,Myrsine_One_hundred_and_twenty-six,Mediumorchid-Omega,Lemonchiffon-Chi,145014
904,Scabiosa_One_hundred_and_seven,Lightskyblue-Omega,Fuchsia-Lamda,132014
905,Ranunculus_Three_hundred_and_seventy,Sienna-Upsilon,Lightsteelblue-Mu,1014
906,Asparagus_Four_hundred,Khaki-Epsilon,Darkgoldenrod-Gamma,190004
907,Heather_Two_hundred_and_thirty,Darkolivegreen-Rho,Darkcyan-Lamda,260014
908,Lisianthus_Forty-two,Navy-Sigma,Red-Alpha,109013
909,Tailflowers_Seventy-one,Darkgrey-Alpha,Royalblue-Delta,207004
910,Anemone_Two_hundred_and_nine,Ghostwhite-Zeta,Linen-Nu,256015
911,Veronica_Twenty-three,Darkseagreen-Sigma,Crimson-Tau,443005
912,Gerbera_Sixty-six,Seashell-Zeta,Burlywood-Epsilon,20041
913,Lavandula_One_hundred_and_ninety-one,Darkmagenta-Omicron,Darkslategray-Xi,34005
914,Scabiosa_Two_hundred_and_forty-one,Crimson-Chi,Firebrick-Psi,181005
915,Phlox_Fifty-four,Dimgray-Alpha,Turquoise-Epsilon,114005
916,Wattle_Two_hundred_and_ninety-eight,Lightgray-Iota,Burlywood-Theta,283005
917,Tracelium_Thirty-nine,White-Pi,Indigo-Phi,395005
918,Agapanthus_Two_hundred_and_fourteen,Moccasin-Eta,Rebeccapurple-Sigma,74005
919,Bouvardia_Sixty-seven,Sandybrown-Iota,Antiquewhite-Rho,434005
920,Buddleia_One_hundred_and_ninety-eight,Lightsteelblue-Tau,Snow-Omicron,179004
921,Cosmos_Three_hundred_and_sixty-one,Orange-Chi,Coral-Chi,538012
922,Tracelium_Four_hundred_and_sixty-five,Blue-Alpha,Paleturquoise-Eta,489017
923,Phalaenopsis_Fifty-four,Darkgoldenrod-Chi,Magenta-Pi,156048
924,Ginger_One_hundred_and_thirty-two,White-Psi,Lightpink-Upsilon,37052
925,Wolfsbane_Three_hundred_and_sixteen,Mediumaquamarine-Beta,Salmon-Iota,257005
926,Jonquil_Three_hundred_and_fifty-nine,Slategray-Kappa,Gainsboro-Gamma,353004
927,Lisianthus_Forty-two,Red-Alpha,Orangered-Epsilon,109017
928,Saponaria_Two_hundred_and_eight,Whitesmoke-Alpha,Khaki-Tau,316004
929,Daffodil_Thirty-eight,Grey-Zeta,Darkcyan-Iota,311017
930,Iris_Three_hundred_and_ninety-five,Cyan-Pi,Slateblue-Chi,209017
931,Ginger_Two_hundred_and_sixteen,Darkviolet-Sigma,Mediumvioletred-Upsilon,389005
932,Stock_One_hundred_and_twelve,Darkolivegreen-Xi,Blanchedalmond-Beta,67014
933,Wolfsbane_Three_hundred_and_fifty-seven,Lightsalmon-Omicron,Springgreen-Omicron,12004
934,Schinus_Three_hundred_and_three,Darkblue-Mu,Darksalmon-Nu,587005
935,Hydrangea_Four_hundred_and_fifty-three,Thistle-Nu,Slateblue-Psi,320017
936,Bellflower_One_hundred_and_sixty-two,Red-Phi,Green-Mu,89014
937,Love-lies-bleeding_Three_hundred_and_thirty-two,Orangered-Chi,Aquamarine-Eta,454013
938,Cosmos_Three_hundred_and_sixty-one,Darksalmon-Zeta,Orange-Chi,538016
939,Craspedia_One_hundred_and_eighty,Linen-Omicron,Navajowhite-Rho,351012
940,Statice_Two_hundred_and_thirty-two,Hotpink-Pi,Darkorange-Lamda,101004
941,Throatwort_Eight,Lightblue-Xi,Mediumorchid-Omega,18005
942,Jonquil_Fifty,Gold-Delta,Lightgrey-Lamda,375013
943,Achillea_Eighty-two,Mediumturquoise-Mu,Gainsboro-Alpha,158017
944,Narcissus_Forty-five,Seashell-Psi,Lightyellow-Psi,206034
945,Narcissus_Three_hundred_and_seventy-nine,Ivory-Gamma,Antiquewhite-Epsilon,259015
946,Sunflower_Three_hundred_and_eighteen,Royalblue-Epsilon,Tan-Gamma,56017
947,Melaleuca_Three_hundred_and_seventeen,Dodgerblue-Gamma,Sandybrown-Eta,41014
948,Phalaenopsis_Eighty-five,Grey-Omega,Mediumslateblue-Phi,52015
949,Tailflowers_Four_hundred_and_sixty-one,Seagreen-Tau,Ghostwhite-Tau,576004
950,Solidago_One_hundred_and_ninety-one,Goldenrod-Iota,Floralwhite-Omega,494005
951,Ornithogalum_One_hundred_and_sixty-five,Tan-Chi,Lightseagreen-Delta,69014
952,Montbretia_Two_hundred_and_five,Salmon-Eta,Silver-Lamda,455015
953,Jonquil_One_hundred_and_twenty-four,Darkgoldenrod-Chi,Lightsteelblue-Mu,78005
954,Adam's-needle_Three_hundred_and_nineteen,Gainsboro-Psi,Lavenderblush-Phi,300004
955,Pittosporum_Fourteen,Darkgoldenrod-Theta,Yellowgreen-Rho,290004
956,Daffodil_Two_hundred_and_fifty-nine,Lightsalmon-Iota,Ghostwhite-Omega,403016
957,Myrsine_Two_hundred,Mediumorchid-Epsilon,Wheat-Rho,362035
958,Memosa_Four_hundred_and_thirty-nine,Cornsilk-Pi,Aquamarine-Iota,366012
959,Limonium_One_hundred_and_twenty-three,Brown-Omega,Navy-Lamda,125014
960,Myrtus_One_hundred_and_sixty-five,Oldlace-Omicron,Red-Pi,575004
961,Mimosa_Three_hundred_and_twenty-one,Honeydew-Beta,Darkcyan-Omicron,214014
962,Sunflower_One_hundred_and_thirty-four,Mediumorchid-Omicron,Gold-Gamma,66015
963,Cymbidium_Four_hundred_and_sixty-two,Mediumvioletred-Eta,Darkgoldenrod-Chi,48013
964,Phalaenopsis_Fifty-four,Orange-Psi,Moccasin-Kappa,156053
965,Achillea_Eighty-two,Mediumturquoise-Mu,Greenyellow-Upsilon,158016
966,Ranunculus_Three_hundred_and_seventy,Sienna-Upsilon,Mistyrose-Rho,1015
967,Narcissus_Forty-five,Darkseagreen-Nu,Seashell-Psi,206026
968,Stephanotis_One_hundred_and_twenty-six,Honeydew-Delta,Green-Rho,19013
969,Nigella_One_hundred_and_seventy-one,Whitesmoke-Psi,Darkviolet-Iota,5017
970,Farewell-To-Spring_Four_hundred_and_eight,Powderblue-Lamda,White-Iota,385016
971,Myrsine_One_hundred_and_twenty-six,Slategrey-Xi,Lemonchiffon-Chi,145016
972,Myrtle_Two_hundred_and_one,Springgreen-Kappa,Lightblue-Lamda,347004
973,Gerbera_Sixty-six,Seashell-Zeta,Ghostwhite-Omicron,20043
